name,age,street,city,state,zip,lng,lat
Mary Hess,65,47261 Travis Fields,Annaville,California,97705,131.336995,-85.2464245
Samantha English,47,3215 Cook Hollow,Lake Tracyborough,Georgia,51633,71.158892,-21.6827025
Vanessa Allen,53,72656 Elizabeth Motorway Suite 523,Rachelview,Nebraska,02275,160.825736,41.253679
Sarah Gomez,39,70135 Benjamin Forges Suite 305,Port Danny,Alabama,82528,-110.646212,31.5551155
Bryan Garner,49,61088 Berg Plaza,Fergusonchester,New Hampshire,87710,136.336419,-71.227925
Alexander Alvarez,77,46662 Christopher View Apt. 451,Lake Heatherport,Pennsylvania,72221,-145.032273,-21.860325
Jennifer Larson,80,92797 Gray Plain,North Ericborough,Texas,74942,-113.882289,1.289052
Robyn Fields,47,10950 Caitlin Roads Apt. 978,South Laurenton,Michigan,64422,43.193715,19.272840
Kim Le,40,026 Ortiz Islands,Davidstad,South Dakota,19588,-150.251547,-0.2120845
Dr. Joseph Hartman,21,0750 Gray Mountains,Moorestad,New Mexico,91578,-82.789092,58.4132535
Jonathan Johnson,44,38152 Stephanie Fort,East Madisonmouth,Pennsylvania,27377,-88.488043,-43.0732615
Michael Martinez,31,815 Jeffrey Pike,Murrayport,Idaho,63310,94.554263,88.7726485
Miguel Hill,40,925 Jacob Grove,West Timothymouth,Florida,34651,134.887434,25.3010795
Brett Henderson,57,7011 Amy Crossroad,Weissstad,Iowa,89032,-14.122404,-4.176106
Diane Conrad,53,8830 Deborah Highway Suite 253,Lake Rebeccamouth,Georgia,23060,61.091926,-6.921772
Seth Kelly,62,20772 Johnston Light,West Edward,Nebraska,18095,140.286886,-79.667366
Tyler Haynes,79,569 Adams Turnpike Apt. 925,South Antonioland,Arizona,91002,42.826357,87.863954
Jessica Ruiz,25,00162 Shirley Square Suite 470,North Paigetown,Indiana,82816,47.243994,19.6023555
Robin Hawkins,64,362 Orr Mills Suite 456,Port Christophermouth,California,87088,-156.820419,66.241321
Julie Clark,64,374 Christopher Hills,East Ana,Mississippi,27554,-108.476935,58.122930
Tina Henson,47,52377 Williams Fords Apt. 480,Scottside,Kentucky,71143,74.699338,11.7017835
John Foster,30,03991 Amanda Rue Suite 783,Tinabury,Arkansas,92322,-62.293486,78.4120475
Laura Garcia,27,510 Simpson Isle,Kimberlyland,Indiana,87111,45.466389,40.9504675
Jason Hinton,74,088 Nicholas Well Apt. 652,South Brittany,Alabama,64918,68.645199,-8.4752045
Lacey Glenn,49,910 Kathy Lake,Shannonstad,Louisiana,68176,13.684918,32.9745625
Kristina Diaz,37,544 Logan Lane,New Danielmouth,Louisiana,54318,-178.429434,-30.299209
Katherine Walters,66,41734 Summers Brooks,Port Markmouth,Colorado,37527,-157.244893,-49.0703775
Julia Crane,59,005 Moran Prairie Apt. 572,East Julia,New Jersey,36735,50.881455,63.641263
Luis Gibson,47,69507 Stephanie Center Suite 340,East Brooke,Idaho,54210,-100.378491,-16.4200845
Gloria Thompson,20,850 Richard Port,Michaelfort,Connecticut,15068,-130.639356,53.639360
Michael Joseph,21,2046 Jessica Island Suite 028,Davidport,South Dakota,07562,33.963110,22.865425
Melissa Lloyd,60,44060 Thompson Drives,Elizabethberg,South Dakota,92847,51.429710,-80.3831855
Jason Torres,19,62446 Felicia Parks,New Gerald,Indiana,34687,-166.213867,71.850815
Nicole Peck,68,72720 Stephen Cove Suite 301,Port Benjamin,Arkansas,41117,19.448644,29.641334
Richard Edwards,39,875 Gerald Ridges Suite 552,West Grace,Oklahoma,82550,101.662612,33.972601
Gabriela Ward,20,9346 Reynolds Trace Apt. 297,North Danaside,Connecticut,70292,58.077534,42.4022315
Belinda Torres,27,361 Stokes Court,Kristopherbury,Maine,36763,-34.947591,-83.1104615
Patrick Mercer,21,74391 Ashley Parkway,New Samanthaview,Texas,14178,-23.489767,-23.946022
Brian Smith,32,94290 Garcia Port,Grantberg,Utah,74226,167.065383,6.0029355
Paula Figueroa,30,53146 Lewis Extension,Jacksonshire,Connecticut,89864,-143.727529,59.532938
Veronica Mcmahon,68,339 Perez Flat Apt. 664,Cherylchester,Missouri,47721,145.613418,-40.040444
Stephen Johnson,44,99370 Jill Mountain Apt. 450,Garytown,Georgia,69780,145.938528,-4.5659085
Alexis Hurley,60,705 Alexandra Ranch Apt. 125,Georgeville,Idaho,40201,-170.108187,31.235225
James Gordon,22,11028 Merritt Rapids Suite 168,North Jenniferview,Rhode Island,95452,28.019467,4.8071965
Crystal Mcclure,70,67585 Denise Lake Apt. 494,Garcialand,Ohio,22823,-137.940039,2.4510625
Maria Crosby,34,974 Bruce Walk,Port Cody,Michigan,19615,136.862555,39.516289
Alexis Rubio,22,418 Jonathan Mall Apt. 547,West Jamesberg,Oklahoma,81722,34.612324,-11.772999
Ashley Smith,25,52258 Dixon Drives Apt. 706,Karenport,Wyoming,95510,-167.043004,-49.1568785
Miguel Mata Jr.,31,0317 Williams Centers Apt. 654,New Shelbyburgh,Connecticut,43050,-100.384662,-22.704529
Karla Williams,71,3358 Stokes Heights Suite 988,Nataliestad,Illinois,71726,-12.518237,83.6440145
Keith Moreno,54,08910 Robert Fords Suite 364,Laceyshire,Wyoming,86732,104.788472,89.333727
Daniel Johnson,34,862 Frost Rest Apt. 294,Lake Paige,South Carolina,60443,-60.862524,-82.6624745
Kyle Hamilton,35,598 Ashley Bypass Apt. 631,East Jennifer,Hawaii,75252,22.148852,-29.586634
William Edwards,31,197 Garcia Prairie Apt. 228,Port Samantha,Indiana,63215,159.504561,-61.0471535
Gerald Diaz,58,3028 Poole Summit,Lake Nicholas,Massachusetts,70032,116.310972,-89.923638
Bryan Gomez,52,43175 Torres Shoals,Andradestad,North Dakota,51050,-170.725996,-75.171109
Michele Cortez,33,470 Kenneth Ridges,Ricardobury,Maryland,64097,-64.272105,-76.8658355
Tiffany Ramos,64,300 Bruce Coves Apt. 278,Sandersberg,Wyoming,28960,21.680616,-55.0313725
Samantha Morrison,20,50730 Michael Plains Suite 276,West Raymond,Michigan,76457,133.773322,61.347907
Mr. William Wilson,50,3715 Brian Union Suite 125,Michaelshire,California,07254,-15.436796,-45.224742
Angela Bender DVM,22,152 Ali Coves Apt. 612,Heiditon,Texas,83326,-40.701895,-53.0505925
Omar Jackson,80,5450 Jason Run,East Shaun,Rhode Island,86770,27.752424,-84.2428335
Jason Gaines,71,95341 Soto Squares Apt. 957,Vazquezton,Utah,87153,147.755988,-78.3579285
Charles Hubbard,49,508 Mcgee Haven,Louisland,Washington,84250,-49.280701,60.496593
Alan Diaz,55,5711 Caleb Dale Suite 277,West Stephanie,Nevada,70884,-50.640701,48.7887135
Brian Buck,58,1519 Wright Freeway Suite 513,Jennifermouth,North Dakota,02531,29.500928,66.308198
Carrie Estes,56,1887 Lewis Expressway,South Benjamin,Hawaii,36998,9.053222,74.5908845
Gregory Garcia,27,0845 Peterson Drives,South Codyton,Wyoming,85812,-87.980236,81.079249
Rebecca Thompson,51,0530 Gabriel Isle,Timothyland,New York,49456,-2.964049,17.5791105
Patrick Morton,55,286 Hawkins Square,South Amy,Colorado,70960,13.354972,67.6757355
Patricia Villegas,71,7766 Moss Heights Apt. 660,Lynchfurt,Colorado,99817,141.054191,68.459133
Jennifer Smith,74,4110 Gary Court Suite 513,Stevenhaven,Missouri,11578,7.079042,-53.994022
Jackson Silva DDS,55,73319 Gray Junctions Suite 742,Grahammouth,Arkansas,18366,56.354287,-53.343128
Melissa Blevins,27,711 Shannon Crossroad,Port Pamela,Utah,67727,91.072571,31.219563
Tricia Fields,21,330 Woodward Isle Apt. 674,Parkstad,North Dakota,46783,-89.142925,19.6031265
Monica Allen,68,7518 Ramirez Mountains,Fitzgeraldville,South Dakota,53919,-172.977636,50.141420
Emily Taylor,29,4610 Harding Crossroad,Trevinofort,Iowa,14824,76.090256,45.554792
Kathy Scott,74,1786 Henderson Plains,Williamsborough,Massachusetts,97672,12.030803,-22.919448
Christopher Avery,34,504 Henry Ways Suite 858,New Lisahaven,Louisiana,56946,-100.505634,60.2421245
Emily Reed,62,479 Whitehead Lock Suite 569,West Samuel,Utah,37977,160.158670,-7.7404895
Mark Roman,71,14435 Roberts Islands Suite 888,Port Jasonside,Alabama,96843,26.422706,-75.684954
Jennifer Lewis,80,467 Sosa Mews,Heidimouth,Nebraska,02885,-17.382132,63.3329655
Cynthia Mcneil,46,96781 Jackson Extensions Suite 472,West Michael,Connecticut,98182,-135.764309,2.1476145
Rebecca Greene,43,1677 Stephen Lakes Suite 724,Justinview,Arkansas,11066,-54.632530,55.2405525
Ryan Smith,54,79534 Christopher Mission,Lake Joshua,Kentucky,26394,59.416846,-57.991005
Matthew Aguilar,66,837 Davis Unions Apt. 857,Susanstad,Iowa,65890,134.289817,43.878002
Brittney Burke,52,1814 Daniel Valley Suite 072,Port Gary,Washington,70365,173.402661,-17.746961
Karen Ware,55,7454 Michelle Garden Apt. 866,East Ashleyburgh,Virginia,19283,121.143935,88.8732085
Joshua Mcdonald,59,95568 Henry Union,Port Brandi,Oklahoma,88724,-126.098738,-31.372195
Crystal Arnold,76,44963 Hobbs Park,Jamesborough,Arizona,08635,-126.276489,-37.7680075
Terry Malone,51,215 Crystal Fall Suite 665,New Michaelfurt,Arkansas,95353,177.419717,57.762346
Kathryn Brown,35,7882 Stacie Vista,Joneschester,Delaware,92515,177.421927,82.1786885
Jennifer Turner,75,56432 William Ford,Melissafort,Virginia,64822,46.727674,-39.0412045
Karen Craig,26,86079 Donald Light Apt. 292,Walkerfort,Iowa,54054,69.618000,81.5534225
Miguel Bush,73,8766 Herrera Gardens,Lindamouth,Missouri,06625,88.972324,34.7776435
Shawn Mccann,71,3726 Lauren Club Suite 970,Williamsland,Wyoming,54547,-154.424114,-64.6348005
Joyce Newton,21,56618 Henry Mountains Apt. 742,South Christopherport,Maine,94236,-118.140011,64.305713
Brian Johns,38,4190 Mark Glen,West Victoriaburgh,Minnesota,92209,167.691240,55.236384
Henry Hurley,20,91498 Farrell Mount Apt. 752,Kingburgh,Maine,04290,-126.433820,-83.926344
Amy Gonzalez,18,364 Denise Canyon Apt. 001,Lake Brettstad,Oregon,10078,-44.676329,9.724902
Zachary Diaz,54,3359 Samuel Ford,East Rodneyport,South Carolina,16291,-7.699713,-24.0435815
Michael Ochoa,24,3558 Angela Extension,Gabrielberg,Maryland,50771,30.303126,40.4264075
Anne Hicks,75,42335 Clark Throughway,South Dustin,Michigan,32934,-41.696389,-4.6506875
Kristin Reyes,55,6453 Gonzales Underpass Suite 922,East Kathleen,Ohio,23161,-158.474268,8.4222015
Matthew Meyers,65,27775 Johnson Pike Apt. 431,West Marymouth,Rhode Island,13794,159.361406,-51.1411935
Laurie Smith,60,03894 Cooper Well Apt. 695,South Karenton,Alaska,42332,174.339351,-15.1808105
Lauren Lee,45,915 Kenneth Crossroad,Lake Brittney,Louisiana,04732,79.041334,12.454555
Christopher Kelly,27,388 Charles Views,Ashleyside,Delaware,85834,-124.228520,-44.2929815
Eric White,31,811 Kevin Burgs,Scottshire,Virginia,94456,127.757576,88.426503
Victor Sosa,59,221 Anderson Trace Suite 602,New James,Wisconsin,96307,-69.610275,66.6414555
Sandra Miller,72,9109 Wang Field,West Stephenside,Vermont,54634,-88.315186,46.272241
Brian Hart,64,344 Brown Square Apt. 454,Claireshire,Illinois,23601,5.464541,44.345204
Gary Hill,57,3190 Cox Extensions,Morganstad,Montana,37531,-57.390652,-34.940457
Latoya Newman,62,012 Dylan Courts Suite 741,Conwayberg,Montana,14173,-179.567801,-7.7120805
Rhonda Osborne,46,291 Raymond Hill,Petersonview,Texas,10719,-5.570529,17.816202
Aaron Morrison,46,48222 Bryan Club,Lake Randy,North Dakota,85004,-128.132100,83.000736
Jeffrey Thomas,70,24078 Klein Port,New Gregoryland,Idaho,93102,-95.792258,47.1977775
Amanda Rodriguez,38,26871 Smith River Apt. 718,Hansenfort,New Jersey,01474,-43.341295,47.061855
Jennifer Richardson,80,2983 Hunter Track Apt. 785,North Marychester,Minnesota,19333,-58.615088,85.0225465
Jennifer Miller,63,47832 Ryan Groves Suite 315,Barryfurt,Texas,01903,119.427504,56.5732975
Julie Kemp,58,648 Jacob Fall Suite 128,Nolanmouth,Kansas,94662,40.343746,-41.591090
Cassandra Hensley,58,699 Nicole Plains Apt. 161,Annemouth,California,96711,150.450852,-73.873452
Caitlin Walker,28,600 Roberts Flats,North Melissaview,Delaware,91919,-73.091759,57.8600015
Laurie Harmon,77,899 Jill Port,Webershire,South Dakota,55207,-85.066606,-23.468376
John Turner,56,1621 Nguyen Inlet Apt. 743,North Scotthaven,Iowa,67199,157.004256,79.418375
Elizabeth Schultz,48,61184 Michael Shore Suite 306,Hughesville,Rhode Island,70789,59.757208,-74.468009
Mr. Nicholas Jackson,43,04359 Sheila Mews,North Elizabeth,Alaska,63818,-45.847067,-34.954570
Lydia Molina,39,3158 Austin Corners,Gonzalezville,Kentucky,09397,179.592345,76.6833275
James Peterson,45,319 Rivas Flats,East Cassandra,North Dakota,79432,-101.971613,-34.8542195
Christopher Roberson,77,8921 Dennis Shoals Suite 363,Estesberg,New Jersey,24507,74.358375,-4.9214545
Steven Williams,80,2925 Blair Hill Apt. 697,Villegaston,Virginia,67271,-70.051412,53.6626295
Christopher Carter,80,319 Joshua Creek,Ambermouth,Michigan,56520,95.935761,21.1663305
Linda Meyer,50,688 Joyce Row,Watkinsland,Delaware,67813,82.650603,-27.0639595
Benjamin Rodriguez,42,469 Jones Union,Michealfurt,Minnesota,89795,-76.997566,-43.803806
Ryan Allen,75,6416 Hernandez Village Apt. 061,Randytown,Tennessee,62469,62.313322,10.967483
Joshua Conrad,40,3705 Lopez Village Suite 187,South Johnland,Iowa,15470,-105.497978,-87.7725745
Annette Smith,50,0638 Garcia Hills Apt. 566,Anthonystad,Washington,92652,-101.380722,43.7894025
Christopher Bennett,64,353 Andrew Park Suite 952,Morrishaven,Louisiana,19443,-149.850555,-51.0058095
Kevin Miller,55,200 Hudson Locks Apt. 036,Calhounmouth,Kansas,31833,-136.312199,-16.890176
James Morse,55,525 Jennifer Streets,North Jill,Virginia,10629,-107.802825,37.8935575
Samantha Garcia,59,26751 Aaron Loop Apt. 403,New Sheriton,Oregon,64491,-3.496211,-63.8193455
Kyle Mullen,51,90027 Mckay Via Suite 734,East Curtis,Michigan,44816,-144.874717,-36.921922
Paul Kerr,31,646 Anthony Mountains Apt. 474,East Robert,Arkansas,76276,-124.945755,-52.042469
Matthew Knight,37,47852 Christopher Pike Suite 437,Davismouth,New Mexico,95706,-147.231840,2.4000965
Richard Johnson,55,88762 Hall Cape Apt. 062,Lake Brian,Delaware,84255,146.723168,20.149243
Natalie Odom,80,86105 Harrison Brooks Apt. 245,Ashleyville,Connecticut,06155,10.063285,34.592598
Russell Moore,63,387 Gibbs Fort,South Ashleyberg,West Virginia,34213,122.070340,-86.7755315
Phillip Scott,77,43963 Ferrell Point Suite 103,North Thomashaven,New Hampshire,79857,79.076468,-69.3287055
Tyler Scott,32,5733 Moss Divide Suite 610,Morrisfort,Oklahoma,24066,15.314011,-34.113674
Perry Edwards,51,70381 Aguirre Tunnel Suite 267,East Kimberly,Rhode Island,85215,114.209992,-48.2808175
Jennifer Porter,62,2660 Jensen Crossroad Suite 841,Lake Rhondaborough,Iowa,86888,64.100303,16.430034
Johnny Ross,33,71652 Stevens Lodge Suite 270,Perezport,Missouri,46487,-156.954230,5.2744045
Christopher Dillon,48,9229 Mcclain Mountains,Westborough,Maine,12367,-112.391869,-36.8130235
Linda Fitzgerald,64,095 Robles Expressway Apt. 225,South Matthew,South Carolina,84813,158.561785,-52.097153
Michael Perez,28,49009 Caroline Port Apt. 798,Diazville,Ohio,55661,-83.114069,-46.1853975
Lee Miller,20,733 Jennifer Plaza Suite 471,Christopherport,Georgia,52972,163.211510,-32.3442275
Catherine Hodge,56,39621 Meghan Station,Wubury,Michigan,50268,144.218636,18.8065605
Zachary Walker,57,750 Robert Springs,Annfurt,Hawaii,12761,-176.552346,74.744179
Renee Glover,41,8385 Salazar Terrace,East Ashley,Colorado,50595,137.731100,-77.7387785
Emily Cole,40,436 Humphrey Road Suite 601,New Nicolasmouth,Michigan,54366,-20.670168,-84.578899
Dawn Garcia,50,62136 Jeffrey Port Suite 702,East Ronald,Montana,63521,-136.262481,-13.5126135
Joshua Smith,48,05369 Louis Passage Apt. 243,Frazierberg,Maryland,92629,-24.539404,-7.5900565
Anna Donovan,20,28338 Macdonald Plains Suite 815,Donnafurt,Montana,78954,74.306886,-46.2124815
Michael Moore,46,8130 Black Vista,New Debraland,Wisconsin,51261,-76.324386,12.0171025
Michael Davis,38,1213 Jonathan Roads Suite 418,Nguyenfurt,Oregon,75080,-124.650829,-54.3587695
Jonathan Vaughn,33,5479 Rodriguez Falls Apt. 256,East Tiffany,South Dakota,87405,122.864708,-80.9106615
Tracie Fox,62,388 Nancy Well Suite 928,Hawkinsview,Nevada,21952,-77.311375,55.202429
Susan Fisher,29,19664 Watson Turnpike Suite 761,Dixonside,Louisiana,26475,26.137036,51.7992035
Benjamin Campos,33,0774 Zavala Mill,Timothyhaven,Massachusetts,86847,-148.354111,-6.9655945
David Ford,53,388 David Ways,Jasonstad,Alabama,24585,62.195300,61.0481435
Peter Johnson,37,295 Cannon Ways Suite 638,Elizabethview,Maine,05350,103.839250,-52.395175
Thomas Key,62,14527 Bush Plaza,Garybury,Alaska,83780,-108.919575,-23.1358385
Deborah West,64,77960 Smith Motorway Suite 417,Lake Stephaniemouth,Idaho,64346,35.982781,-78.004917
Steven Wolf,33,30613 Reyes Road Suite 525,New Joshualand,Maine,48622,-83.773288,50.986842
Douglas Dunn,60,612 Kayla Forge Apt. 124,Huynhburgh,Mississippi,02720,49.831632,24.3396555
John Pierce,58,9230 Harrington Mountain Apt. 549,Nelsonton,Ohio,08011,-178.315083,-73.1931035
Mark Ramos,39,709 Michael Plaza Apt. 337,South Heatherside,Indiana,22276,22.554512,52.0007085
Joseph Sanchez,36,3687 Anderson Key,South Joshua,Oregon,74248,-5.062206,-86.9959505
William Hanna,44,24609 Elizabeth Loop Suite 078,Kanebury,Massachusetts,55123,122.234021,-6.397924
Crystal Zimmerman,34,0607 Wright Terrace Apt. 192,New Jeannestad,Washington,89237,-69.789730,-37.5049415
Emily Jones,70,10127 Campbell Cliff Suite 953,Powellmouth,Delaware,65057,-37.693534,47.4218925
Brandon Jones,58,78114 Sandra Wells Apt. 449,North Larrychester,Utah,59163,-87.257647,3.0428915
Mary Howard,22,63433 Kimberly Canyon Suite 382,Lake Angelamouth,New Mexico,27934,51.996635,80.3415385
Brendan Haynes,23,260 Ruth Stream Apt. 262,Michellestad,Utah,99233,-104.575819,5.605621
Darren Evans,74,142 Jackson Prairie,New Benjamin,Iowa,46359,-5.920623,-28.8234295
Paul Miller,21,23025 Richards Terrace Suite 689,New Tammy,Alabama,51277,-48.243686,29.379510
John Brown,29,31715 Rick Springs,Jenniferside,South Carolina,27508,55.202123,69.071701
Richard Williams,21,321 Thomas Plains,Kathrynmouth,Rhode Island,35759,33.147157,-53.015589
Justin Lawrence,79,2009 Lewis Rue,East Alicia,Michigan,72163,9.642677,-23.1823235
Glen Anderson,20,683 Gray Village,Estradaport,Illinois,55619,-35.887496,-59.7628265
Christine Carter,36,1803 Melissa Loaf,North Paigefurt,Iowa,96263,-149.865899,5.775584
Richard Palmer,32,583 Tina Port,Natalieshire,Florida,23578,19.667947,-89.6662015
Tammy Mills,20,79470 Flores Heights Suite 559,Port Annette,Louisiana,05732,39.052058,51.233839
Jamie Hayes,28,408 Abbott Walk Apt. 257,Jamesfort,Idaho,52463,177.783066,-68.800182
Melissa Lewis,76,51526 Jeffrey Garden,Randallberg,Ohio,80839,130.267824,-24.195541
Mr. Christopher Johnson,39,43474 Ryan Pass,North Taylorshire,Florida,87964,-146.532956,19.279130
Susan Romero,46,32416 Maddox Loaf,South Haleymouth,Montana,10644,-100.712988,-49.5384895
Christopher Robertson,22,0519 Leslie Squares Apt. 336,Jonathanview,Iowa,59775,143.120746,33.4693695
Andrew Flores,62,33058 Jessica Square,South Heather,New Hampshire,64080,-127.179852,78.990427
Tyler Green,66,4839 Brenda Hill,Jamieburgh,Massachusetts,90266,132.361129,-5.9086875
Jesus Franco,52,35069 Christopher Orchard Apt. 981,New Tinafort,Vermont,64915,-126.835273,13.2443785
Natasha Schmidt,25,018 Thompson Mission Suite 789,Lake Michelleville,Nevada,54755,3.366665,17.4695845
Alexis Dennis,66,29123 Melinda Spur Suite 779,Lake Judyshire,South Carolina,78032,129.887271,-65.235678
John Steele,79,34148 Jones Courts,Pettyfort,Pennsylvania,13835,-121.745338,47.0099825
Sheri Taylor,38,14852 Jennifer Oval Apt. 573,Port Vanessaport,Texas,54029,-169.379480,-43.047930
Mark Peters,26,33551 Harper Center,Staffordborough,Oklahoma,91950,127.089710,-7.4113815
Jennifer Ryan,58,03754 Vega Circles,Jordanstad,Missouri,97218,-170.882954,-40.3560465
James Jacobs,66,204 Lacey Streets Apt. 762,Austinview,Maryland,79779,168.678784,-82.729934
Cameron Reyes,75,76685 Amanda Gardens,South Allisonview,Vermont,78571,117.210183,-40.927741
Virginia Smith,64,547 Craig Way,Garrisonfurt,Minnesota,61154,107.258346,-59.3498895
Joshua Hill,23,96976 Phillips Divide,South Michaelville,Oklahoma,89546,-117.128367,7.9151655
April Murray,29,9677 Snyder Manor Apt. 458,West Anitaberg,Utah,09378,-80.773449,-34.1268115
Ashley Lopez,55,021 Cox Gardens,Kathytown,Kentucky,49104,89.317458,-61.120034
Molly Brown,33,132 Patrick Forks,Benjaminfurt,Mississippi,72204,133.918665,63.9306485
Johnny Harmon,44,098 Le Village,Rowehaven,Illinois,13933,70.263439,34.594517
Sherri Baldwin,53,859 Brown Roads Suite 327,Robinsonborough,Indiana,82549,13.715893,10.1574955
Eric Charles,47,3086 Deborah Neck Suite 997,Vargasmouth,Hawaii,75119,-39.728627,21.9235965
Jacqueline Webb,77,8741 Anna Turnpike,Michellefort,Oklahoma,92828,2.045122,17.555388
Joseph Fry,41,26624 Jacob Lodge Suite 989,Paynemouth,Nevada,46440,21.711112,35.570505
Derrick Reed,19,3909 Alicia Islands,Fergusonfurt,North Dakota,88217,-103.921749,-26.2007665
Jonathan Castillo,62,29268 Tucker Place,Loriburgh,South Carolina,55819,136.938204,-44.4250215
Mary Allen,72,653 Payne Bypass Apt. 802,Lake Daleport,Arkansas,62560,-30.578602,83.4337985
Dana Ellis,26,655 Mary Row,West Hectorshire,Rhode Island,07080,-106.850836,46.9962325
Misty Riley,46,9080 Justin Village Apt. 178,North Caitlin,Louisiana,67209,100.968846,74.203660
Kathleen Wood,50,18195 Melissa Station Apt. 539,East Julie,Rhode Island,50029,128.357446,-12.0884735
Mr. Carlos Hall,79,82288 Dawn Meadows Apt. 815,Kyleview,Indiana,80872,98.944414,77.295902
Maureen Vasquez,50,57956 Archer Plain,North Richard,Maryland,06595,-24.805665,49.399896
Adriana Snyder,53,83014 Murphy Junctions,Port Jillianside,Arizona,90597,-58.661017,21.7859675
Sierra Moore,48,99886 Mendez Oval Suite 664,Sanchezton,Wisconsin,15727,-86.183291,-74.114780
Jennifer Alvarez,44,2132 Carroll Mission,Cherryville,Nevada,74410,7.315511,79.6788815
Mary Vazquez,69,321 Simmons Plaza,Williamview,Oregon,62220,26.449336,47.768763
Deanna Thompson,33,36588 Gregory Cliffs,New Dustintown,Illinois,29566,117.611822,-26.066649
Walter Pollard,73,3794 Dustin Lake,Lisaburgh,Montana,54661,49.738520,42.5606545
Samantha Curry,25,3595 Kelly Landing Suite 386,West Jennifer,California,68003,-91.855984,42.6483555
Jennifer Woodard,36,35937 Harmon Crest Suite 920,North Daniel,Alabama,57981,46.404823,-30.598174
Jose Stewart,66,66985 Robinson Parkway,Richardton,Utah,30281,-39.470596,48.8316725
Justin Jones,69,65733 Kristina Ports,Kimberlyhaven,North Dakota,03609,69.492620,-66.2047035
Tiffany Blake,68,55833 Gail Junction Suite 980,Medinaton,Pennsylvania,71007,-144.314813,-28.2288175
Shawn Johnson,33,3828 Samantha Lake Apt. 174,North Royville,Virginia,87487,55.456014,19.305650
Kelsey Carter,72,2449 Sanchez Springs,West Phillipmouth,Minnesota,79040,-56.349107,51.4502555
Matthew Miller,34,36699 Christian Avenue,Petersonfurt,Texas,73780,34.728761,-18.159845
Christina Matthews,36,4127 Peter Garden Suite 557,Port Danielletown,Texas,52089,-40.344261,-14.988365
Nancy Ross,23,564 Austin Coves,Davenportmouth,Ohio,36012,-130.281671,34.792878
Crystal Moyer,34,205 Powers Field,Shellystad,Colorado,68055,-3.847851,-41.828725
Emma Ellison,33,70798 Crawford Lane,South Michael,Iowa,65389,-84.822976,-88.677407
Alexa Green,32,76526 Phillips Villages,Raymondmouth,South Dakota,55491,-177.348483,-30.953239
Erika Ryan MD,35,6166 Ward Mission,Lewisfurt,Colorado,59548,-92.531622,-67.390247
Kristin Johnson,52,54735 Maria Green,Emilybury,Arkansas,75737,113.192167,-32.224862
Patrick Sanders,51,7566 Lisa Ford,New Michael,Delaware,33261,-62.385793,24.9002115
Robert Green,60,7487 Tammy Center Suite 489,Haleyville,Pennsylvania,02963,158.680605,48.202302
Nathan Phillips,22,41745 Chen Station Suite 334,South Nancy,Alaska,09915,-72.293581,45.901765
Mr. Jason Holmes,24,213 Vincent Islands Suite 509,South Lisachester,Mississippi,42950,-102.402517,-11.3864705
Kelsey Nguyen,55,8881 Haley Divide,Caseyville,New York,77235,56.695536,-3.7703885
Troy Smith II,75,152 Smith Forest,East Juliaborough,Oregon,59209,-54.645041,78.3049405
Brandon Wright,54,077 Brian Park Suite 573,Lake Luke,Kansas,50917,109.411370,33.099683
David Newman,46,2062 Shane Turnpike,Melaniestad,Massachusetts,70559,17.530790,-78.070528
Jorge Smith,76,537 Chang Plaza,Kristinberg,Oregon,27689,88.948828,-14.219422
Mr. Charles Hanson,36,4132 Peter River,Vasquezchester,Delaware,82963,106.879561,-76.2963405
Shawn Sheppard,18,2447 Brett Brook Suite 450,South Susanside,New York,11850,16.488509,41.7201085
Christy Clark,54,26477 Katrina Prairie,Williamview,Virginia,86297,67.874713,44.6435925
Jennifer Smith,20,97570 Wayne Pike Suite 024,West Jonathanville,North Carolina,51264,90.357268,10.7415875
Abigail Burton,27,1467 Gordon Freeway Apt. 872,South David,Iowa,11889,-167.085579,-22.523030
Scott Williams,69,7643 Rebecca Mills,Keithton,Texas,04053,142.382359,73.859429
Jasmine Rose,74,1509 Owens Track,West Denise,Nebraska,14332,40.216124,-30.209708
Michael Smith,75,76369 Park Forest,Robertofort,Maine,90559,46.606722,47.138242
James Johnson,63,533 David Path Apt. 715,Timothyshire,Nebraska,23906,37.565443,-35.365427
Brian Taylor,63,59998 Wheeler Pines,Port Theresa,Hawaii,93407,116.933486,45.034036
Derek Rodriguez,37,97774 Jacob Brook,Jakeville,Indiana,28829,-8.889441,-54.2721205
Nicole Hayes,58,372 Julie Mountain Apt. 034,Gonzalezbury,Oklahoma,96887,41.825229,-60.631860
Justin Anthony,36,8593 Michael Fields Suite 831,New Michael,Idaho,63763,-130.025581,-47.2285235
Dana Clark MD,73,366 Miguel Trail Suite 405,New Michael,Texas,61455,-79.172897,46.736828
Gina Porter,79,694 Hannah River Suite 570,New Christopherside,Mississippi,77619,15.554287,7.3508935
Lindsay Walsh,24,9251 Gomez Spurs,South Austin,New Jersey,28457,-58.150224,-13.474983
Mary Williams,60,082 Amy Cove,West Derek,Connecticut,13531,-167.826420,51.3314515
Alicia Thomas,75,7826 Garcia Hills,South Courtneyville,Mississippi,18794,-157.394874,40.0965165
Courtney Smith,28,676 Good Crest Apt. 428,South Nathanshire,Wyoming,05207,113.176163,-61.945322
Anthony Miller,62,3096 Autumn Skyway Apt. 805,West Antoniomouth,Georgia,45382,105.073791,-35.235688
Christian Obrien,43,046 Jeff Greens Suite 880,Brookeland,Alabama,22700,-50.532205,3.4840525
Rachel Santana,74,7907 Fleming Square,Kaylaton,New Mexico,55593,-42.121162,-5.9357435
Kenneth Stevens,70,19532 Alicia Heights Suite 927,East Brian,North Carolina,12698,-156.399763,88.940707
Madison Hart,33,29187 Chad Glens,Robertport,Nevada,41831,112.300960,19.350664
Anthony Porter,43,7047 Jones Estates,West Jeffrey,Ohio,80205,174.398658,3.935726
Maria Tran,30,3579 Jerry Locks Suite 054,Port Theodore,Indiana,49495,4.071756,-42.018503
Max Serrano,30,06437 Murray Path,East John,Louisiana,17580,-152.324458,66.8480715
Dustin Craig,74,81911 Angela Common,New Heatherhaven,South Dakota,63474,3.371712,70.3326945
Ashley Drake,39,562 Tran Ridges,Johnsonside,Alaska,58502,-123.740044,35.468438
Jessica Johnson,78,978 Carrie Drive,Port Ricardo,Illinois,45609,133.958690,40.555499
Rebecca Garcia,24,761 Timothy Ranch,Atkinsfurt,Maine,44790,-83.376720,-7.269511
Nicole Mendoza,24,0351 Allen Mountain Suite 591,South Stephanie,Texas,11493,-163.422574,-86.354992
Albert Evans,21,71438 Emily Point,Bullockshire,Oklahoma,67464,135.173278,-52.718855
Charles Cohen,19,70202 Berry Trace,Davisburgh,Maryland,85282,114.846364,39.1743535
Caroline Townsend,53,1864 Jeffrey Flat Suite 286,New Samuelland,Tennessee,11225,67.857984,-56.9569025
Dylan Reyes,25,09307 Miranda Green Suite 757,West William,Oregon,12830,100.762634,-22.814395
Jose Peterson,55,71653 Jennifer Spring,Jamiehaven,Massachusetts,07228,177.224681,-53.2295105
Lori Wagner,67,2324 Baker Circles Suite 644,Port Melissashire,Illinois,89917,-126.266713,-52.197275
Robin Hill,22,781 Kim Lane Apt. 918,Lake Johnny,Massachusetts,45630,48.270154,-14.2726335
Kristin Cantrell,52,4274 Richard Pass Apt. 964,Port Cameron,Minnesota,79878,-159.419536,-72.1711415
Fernando Hall,21,4315 Michelle Canyon,North Alexandertown,Hawaii,35566,143.596012,19.7703385
Randy Mcgee,77,00251 Cunningham Junctions,South Matthew,Alabama,42005,-162.052756,-38.980769
Kendra Jennings,74,544 Cindy Hills,New Alyssaview,Texas,74849,-112.758542,44.4721735
Stephanie Williams,67,6856 Patrick Mews Apt. 618,New Sandra,North Dakota,09245,-109.965454,-34.453778
Courtney Brown,59,9916 Shields Garden Suite 305,East Joseph,West Virginia,79600,41.210200,-46.3315175
Mrs. Amanda Smith,33,903 Adam Common Suite 368,Fredberg,Louisiana,60145,-21.050104,-43.2328465
Heather Green,69,96908 Brown Shores,Johnsontown,California,83000,84.793045,44.451776
Jason Tucker,44,04136 White Mills,Riggsbury,Kansas,92072,-21.036158,-8.0093885
Adam Owens,74,26587 Taylor Key,East Debraport,New York,54892,67.519220,-19.1960265
Jason Schmitt,39,6660 Camacho Highway Suite 181,Kellyville,West Virginia,40629,-134.313530,72.4050065
Amy Ramos,42,229 Hendrix Estate Suite 116,Mooreland,West Virginia,24792,-147.068624,-73.936930
Martin Miller,63,944 Gonzalez View,Perezburgh,North Carolina,49586,18.313804,-5.8090995
Tracy Rios,79,977 Rose Landing Apt. 863,Mayfurt,Connecticut,68064,74.733890,9.5661595
Michael Shaw,80,5533 Welch Ramp Suite 621,East Laura,North Carolina,20805,-174.870847,4.936673
Karen Scott,65,63817 Linda Well Suite 638,Lake Ryanside,Alabama,28412,52.010854,31.665716
Connie Marshall,22,874 Joshua Ways,New Amandaborough,West Virginia,51029,-109.190923,-86.4676665
Justin Dougherty,38,085 Kristin Vista Suite 858,Port Daniel,Virginia,67437,-9.439303,-57.745060
Claire Hill,72,612 Karen Plains,South Christopher,Ohio,13073,-159.557995,70.661501
Colleen Jacobs,46,410 Cobb Tunnel,Port Kenneth,South Carolina,36587,-19.699692,-67.620537
Sergio Burns,19,948 Christopher Groves Suite 422,Kellychester,Rhode Island,63868,-2.541955,-28.239020
David Lopez,34,068 Roberts Isle,West Dalechester,California,88576,144.601369,-61.711382
Christina Stewart,64,3283 Bradley Station Suite 030,Port Laurie,Missouri,68587,-110.400607,48.6586265
James Davis,67,81802 Abigail Key,Joyceville,Tennessee,75935,19.705310,-40.1554485
Tim Phillips,25,391 Taylor Garden,Randallshire,South Carolina,60918,-64.511902,11.630889
Frederick Shaw,39,55769 Edwards Forge,Kristamouth,Oklahoma,52675,-152.497908,55.865113
Daniel Jordan,80,6366 Megan Spur Suite 950,South Jonathanstad,Minnesota,64204,-153.401370,53.1187725
Sean Camacho,22,06563 Victoria Inlet,Hodgesborough,Wisconsin,22182,-125.258764,83.9982155
Mrs. Ashley Simon,45,29155 Perez Neck,Josephland,Minnesota,02388,-45.707967,-33.1308775
Eric Garza,53,216 Martin Tunnel Apt. 215,Davidbury,Indiana,29744,-138.531217,45.685953
Mark Perez,59,26319 Rivas Viaduct,South Heather,South Dakota,38987,-110.039634,87.650326
Blake Middleton,41,2785 Hernandez Mountains,Hillton,Ohio,51744,139.523287,83.6446825
Kevin Shannon,35,847 Jason Points Suite 771,Joshuaville,Nevada,92499,159.321069,88.1201925
Douglas Howe,37,085 Kathryn Freeway Suite 195,Lake Cindy,Pennsylvania,57054,-13.488180,10.036228
Sara Jones,34,638 Gutierrez Glen,East Kaylamouth,Hawaii,68090,171.395946,53.6371325
Christopher Cox,24,600 Amanda Coves Suite 303,Davisbury,Nebraska,15336,-60.051737,33.712265
Kathryn Manning,76,95098 John Station,Jodiborough,West Virginia,48405,136.968182,-11.672649
Angel Walker,58,8617 Deleon Ports,East Stacy,Illinois,68592,-173.830472,78.8324135
Kelly Padilla,56,6303 April Coves,Matthewburgh,Louisiana,64580,18.529536,-22.711057
Kimberly Donaldson,29,9257 Logan Glens,Natalieland,Massachusetts,84844,90.054579,55.115782
Kathy Mullins,49,29037 John Valley,Morganside,North Carolina,07273,-54.634516,49.9654445
James Horn,35,7473 Townsend Park,Deanberg,Texas,54709,-166.027888,78.8909055
Zachary Burch,62,51227 Moore Inlet,East John,Arkansas,24610,173.484686,30.468902
Mark Cortez,26,88256 Jason Lakes,Brittneyborough,Florida,04106,91.793727,-84.1607735
Adriana Hart,69,446 Brown Lane Apt. 372,South Jasonfort,Ohio,02973,-145.330464,-36.951666
Alexandra Brown,51,44409 Sonya Walks,New Jodyfort,Idaho,26132,124.661941,-50.9311925
Jamie Johnson,32,40112 Fuller Crossroad,East Joan,Arizona,07047,30.238256,22.082093
Lacey Smith,73,969 Emma Curve Apt. 999,East Gwendolyn,Nebraska,43628,-36.093119,14.2943305
Shannon Holloway,50,27399 Price Estate,Courtneybury,New Jersey,70377,-93.611865,36.345620
Vanessa Anderson,56,67775 Jamie Harbor,West Nicholas,Kentucky,54752,-87.775589,86.0898535
Michelle Rice,39,8616 Nicholas Pass Suite 702,Ryanfurt,Minnesota,08930,12.450379,-27.6239325
Brandon Hernandez,43,88230 Ethan Row Apt. 966,East Kimberly,Iowa,10334,166.327691,29.8137485
Diane Randall,75,821 White Crossroad,New Sharon,New York,90483,174.225643,-66.3936775
Michael Rogers,24,322 Lee Path Suite 322,Lake Devin,Washington,41066,153.232513,-46.438239
Teresa Velez,68,642 Samantha Wells Apt. 178,Amyborough,Kentucky,46121,-89.898926,35.8231325
Danielle Lucas,33,1956 Williams Stream,Juanborough,Connecticut,79662,177.631211,-37.416889
Vincent Johnson,21,794 Tamara River,South Jessica,Montana,92529,-28.138870,39.410352
Julie Nunez,46,36987 Conner Oval Suite 084,Aliburgh,Pennsylvania,32548,-9.628017,64.266598
Christopher Jenkins,55,5215 Odonnell Mall,South Daniel,Mississippi,80844,-4.770424,-5.637373
Hannah Marsh,80,6115 Higgins Terrace Apt. 521,Bryanport,North Carolina,12160,-58.811441,-50.7385125
Scott Davis,48,910 Austin Fork,North Nicholaschester,Ohio,92256,-44.610380,-68.346281
Jordan Haynes,52,8092 Andrea Mill Apt. 810,Lake Kyle,Maine,63240,-90.008933,67.729222
Steven Long,48,501 Scott Causeway Apt. 980,Sarachester,Ohio,17771,-3.192324,-88.483461
Taylor Cole,38,5262 Steve Passage Suite 613,Michaelton,Pennsylvania,20165,-22.390760,13.181954
Austin Harvey,61,371 Carrie Radial Suite 864,Barbarabury,Georgia,66686,140.100067,13.4351195
Michael Martinez,62,6836 Christine Island Suite 293,New Mason,Oklahoma,88437,-58.426299,-1.761724
Derek Cortez,56,262 Moore Points Suite 312,West Rachelberg,South Dakota,97466,89.340254,16.296491
Kimberly Garcia,56,020 Davis Track Suite 867,North Dianachester,Wisconsin,86168,38.689581,-55.173628
Tiffany Padilla,80,7882 Clark Trafficway,Lake Joshuachester,New Jersey,37702,139.100168,54.235151
Mrs. Dana Spencer,77,53735 Tracy Hill Apt. 117,Hoganburgh,Mississippi,26921,-17.506344,66.329343
David Scott,18,0386 Erica Walk,South Gregory,Michigan,54788,110.396160,7.348734
Matthew Bond,64,736 Thomas Shoal Suite 899,North Danielle,Nevada,50189,-16.282925,15.4954935
Jason Lewis,39,9380 Brandy Circle,New Nancystad,Georgia,51824,-37.413164,34.9948605
Christian Arellano,72,5813 Oneal Hollow,Lake Jodi,Pennsylvania,53483,35.273810,-23.406160
Edward Solomon,64,608 Ramirez Tunnel Apt. 977,Salazarberg,Michigan,57852,-74.075794,-32.8297885
Jeffrey Beck,40,263 Taylor Garden Apt. 275,Allenton,Georgia,77032,-124.627432,-16.0949335
Steven Dawson Jr.,53,22663 Gutierrez Cape Suite 354,Bowmanfurt,Louisiana,04700,33.197606,-17.4339835
Chase Pearson,69,872 Hartman Place,West Kaitlyn,Wisconsin,07256,-166.702440,43.250999
Janet Yates,37,511 Johnson Manor Suite 234,Port Mollyberg,Alaska,25844,47.268660,31.9983735
Daniel Mcdonald,73,18216 Luna Viaduct,Chavezchester,Florida,12691,-34.947352,18.9279455
Nancy Stewart,68,1836 Dawn Meadows,West Tammy,Florida,38388,-8.972968,41.230195
Dr. Brooke Ray,27,95072 Ronald Land,New Brandonborough,Minnesota,04951,-52.704390,-80.5517185
Tim Kelley,63,9356 Jerry Radial,Laurenbury,Minnesota,05991,163.234462,-69.9129885
Wanda Mann,28,716 Jonathan Bridge Suite 697,Lake Juanmouth,Louisiana,05942,-135.956804,-72.011503
Jason Lyons,69,554 Valdez Turnpike Apt. 089,Martinezbury,Connecticut,79647,136.291547,73.461384
Charles Mitchell,68,6554 Richard Meadow,Lake Jaredport,Kentucky,74154,152.066037,-6.9287305
Cheryl Bailey,50,2716 Glenn Square Apt. 551,Brownton,Florida,84183,140.635254,60.4652335
Tiffany Lopez,20,663 Graham Ways Apt. 101,Butlerville,New Jersey,35330,84.979980,-20.2727545
Jody Glenn,67,7833 John Falls,New Robertville,Connecticut,15572,161.209313,52.357990
Sarah Klein,33,29811 Marshall Plaza Apt. 034,North Robertstad,Rhode Island,97613,-142.367902,16.1563665
Kristen Odom,30,21628 Melissa Circles Suite 549,Nicholasburgh,West Virginia,40978,-50.659517,41.4021535
Denise Shah,22,7776 Jose Cape Apt. 105,New Donna,Montana,00550,-15.763967,89.717333
Gloria Rodriguez,74,0115 Alicia Gateway Apt. 267,Guerrabury,Hawaii,81122,127.069002,34.898514
Dr. George Rojas,30,074 Miller Fields,South Susanborough,North Carolina,07621,-40.128513,-40.477446
Andrea Carpenter,27,6244 Padilla Crossing,North Garymouth,North Dakota,35672,-55.830666,-83.3223635
Jerome Clark,60,9043 Jessica Square,Brookeville,Montana,55103,-150.279179,8.7112255
Christopher Booker,45,6226 Devin Bypass Apt. 592,Amberburgh,New Hampshire,28212,-89.199594,-39.0259305
Ryan Mitchell,33,57252 Mora Mills,Justinport,Arkansas,83001,-110.327150,19.8281975
Hannah Atkins,73,33590 Wallace Route Apt. 159,New Ashleyport,Kansas,57602,102.610840,-83.8542115
Paul Norris,61,68472 Deborah Corners Apt. 288,West Renee,Arkansas,77838,6.935979,-50.745505
Cassandra Salazar,20,7582 Kristen Summit Suite 636,Castillochester,New York,65728,-102.637936,-28.651563
Christopher Mcgee MD,44,034 Eric Way Suite 777,Littleside,South Carolina,91885,176.413245,51.635917
Victoria Gomez,48,7390 Leah Islands,East Patrick,New Hampshire,93682,76.944018,58.4598335
Alexis Armstrong,61,363 Johnson Extensions Suite 580,Joshuastad,New Jersey,68657,90.124173,36.5690665
Jason Rogers,77,363 Powell Gateway,Richardston,Maine,59650,-38.959615,-57.5489975
Arthur Guerrero,57,479 Sherri Court Apt. 367,Stephenville,Alaska,71510,-96.852125,-9.8565695
Jamie Ayala,58,525 Allen Walks Apt. 572,Normafurt,Virginia,86199,58.119050,-55.3605585
Anna Singh,28,06393 Jean Summit,Marioside,Texas,60474,-108.934444,-2.873160
Brian Chapman,68,59636 Jones Wall,Morgantown,Louisiana,98844,43.373121,-63.111167
Cassandra Baxter,70,28433 Joshua Glen Apt. 038,New Kristineville,Tennessee,68418,-127.240485,-47.1492835
Ronald Roth,37,4447 Susan Drives,Thompsonborough,Texas,08723,-159.811560,-26.395210
Krystal Cardenas,65,74131 Keith Point Suite 312,South Mercedes,Utah,06131,125.762389,-42.275918
Kimberly Reed,53,341 Cameron Plains,North Katherine,Alaska,28581,59.161811,-3.8573045
Ashley Johnson,21,293 Phillips Dale,Callahanhaven,South Carolina,85818,-27.250655,3.4505205
Veronica Perez,48,270 Collins Expressway,Sherriberg,Alaska,42285,60.562333,79.789991
Debra Gray,36,0715 Michelle Extension Apt. 807,Adkinston,Nevada,91917,-12.527297,80.079388
Mr. Travis King,68,4816 Vance Lock,South Robertchester,North Dakota,10975,114.197574,60.8209515
Shane Hamilton,52,9980 Teresa Mountain Suite 820,North Melissa,Tennessee,60865,157.793155,-24.6292685
Andrew Wright,77,5227 Scott Ford Apt. 699,Lake Mary,Connecticut,70283,-8.547470,-16.032591
Cody Frazier,53,9537 Gray Inlet,Rickberg,North Dakota,60106,-112.113921,-32.2812015
Holly Gallegos,57,9124 Kenneth Fork,New Valeriehaven,Alaska,30431,-64.293950,24.931071
Samuel Ramos,39,9879 Stanley Pines,New Kara,Alaska,10385,56.311864,64.5801375
Briana Ford,18,2131 Richard Ranch,Tinafurt,Mississippi,53783,77.740595,-35.910453
Troy Johnston,71,31918 Shaw Lake,Spencerport,North Dakota,62161,109.293795,11.501427
Tyrone Flores,79,541 Aguirre Lane Apt. 937,Stephenton,Illinois,75032,-88.118242,88.4633335
Kathy Griffin,57,0268 Ryan Drive,Elizabethfort,New Hampshire,91522,-119.607257,-53.1942205
Stephanie Clark,67,6510 Baker Track,East Linda,Virginia,91145,-71.502935,55.0152225
David Hernandez,54,7235 Smith Causeway Apt. 960,Mullenhaven,Utah,99376,-80.820075,-5.5401735
Jaime Stone,45,2621 Jason Orchard,Reginashire,Kentucky,48485,75.125548,15.9137805
Joseph Rhodes,67,276 Johnathan Plaza,North Allison,Montana,31927,66.688325,15.6837415
Christopher Casey,30,585 Andrew Centers,Port Valeriestad,Vermont,45341,113.466540,-13.4727095
Katherine Cobb,32,096 Tamara Port,Ashleyborough,Illinois,74876,99.428859,56.4417645
Nathan Brown,54,80766 Bishop Fort,West Tammyfurt,Maryland,41850,146.025401,-39.3011125
Cheryl Smith,69,465 Rebecca Plaza,South Jessehaven,South Dakota,23800,-112.115752,87.2837465
Julie Castro,66,809 Carroll Circle,Port Joshuaborough,Hawaii,23744,-164.192944,-69.2989545
David Dalton,35,101 Robert Islands,New Deborah,Arizona,62006,-79.751281,80.0448885
Dr. Melvin Reynolds,77,704 Cole Point Apt. 075,Donaldmouth,Ohio,33140,79.794611,62.4627785
Erin Melendez,42,46497 Samuel Forges Apt. 559,West Alex,Wisconsin,63209,118.716958,63.216829
Robin Lucas,59,768 Walter Canyon Apt. 066,Dennisville,New Jersey,01323,126.947809,20.4573865
Gerald Herrera,58,69116 Lucas Islands Suite 779,Thompsonfort,Montana,28342,38.748906,10.4429555
Yolanda Harrington,64,95209 Brooke Terrace Suite 093,Port Shawn,Idaho,46531,122.173570,-57.7705185
Tracy Smith,79,23077 Christopher Lodge Suite 439,Brianborough,Nebraska,55851,-137.198717,-0.198831
Edward Rogers,53,97610 John Lock,Ericksontown,New Jersey,35912,90.459158,9.1820425
Patrick Johnson,76,1162 Baldwin Path Apt. 590,North Chadmouth,Nevada,24267,-26.508790,88.977116
Madeline Howard,58,3146 Kevin Union,Stephanieport,Arkansas,87236,-178.179056,51.797777
Theresa Frederick,19,73159 Cohen Fall,West Kennethchester,New Jersey,42033,88.273707,-74.965082
Melissa Mcgrath MD,77,60046 Mary Gardens Apt. 883,Lindseyberg,Connecticut,26186,74.823203,-18.0619915
Patrick Lopez,47,6007 Joshua Stream Apt. 550,East Cynthia,Wyoming,64913,36.674528,-45.035591
Julie Foster,80,892 Michael Roads Apt. 904,Foleyland,Missouri,60155,45.289674,-74.6898775
Elizabeth Davenport,46,697 Scott Extensions,Andersonhaven,Wisconsin,20230,161.411047,54.686589
Kenneth Patel,53,73861 Hanson Port,West James,Wyoming,11216,31.868243,-20.4239575
Carl Griffin,30,885 Jacob Creek Apt. 328,East Madeline,Michigan,01745,-47.696310,-15.520685
Taylor Page,66,796 Freeman Neck,East Bridget,California,35355,7.544331,-8.858651
Grant Munoz,34,2462 Hall Lock Suite 006,South Christinamouth,New York,84964,10.351195,-1.1799445
William Gonzalez,36,049 Jodi Locks Apt. 845,East Sergiotown,Nebraska,59878,59.461268,-57.777184
Paul Turner,33,066 Joseph Park Suite 068,East Jonathan,Ohio,26045,-59.445378,-11.656522
Patrick Crosby,23,0927 Danielle Wall Suite 606,East Ronnie,West Virginia,53766,-109.796124,25.815605
Michael Conway,57,550 Meadows Springs Apt. 896,Burnschester,New Jersey,53448,30.810946,16.0430975
Michael Sanders,63,83405 Victoria Island,Valentineberg,Illinois,78037,-178.259242,-83.6829225
Kelly Cooper,60,0053 Webb Terrace,Kelleymouth,Illinois,20060,-47.542596,-32.227869
Samuel Townsend,23,428 Mariah Skyway,Silvaside,California,12742,2.256217,-10.9886425
Beth West,43,50425 Nichole Orchard,Jacksonview,Colorado,08000,23.713067,-7.7888335
Christopher Lopez,69,365 Robert Pine,Prattton,Vermont,53790,-159.493218,-43.708953
Joshua Mcconnell,28,844 Gallagher Estates Suite 122,Zunigaland,Indiana,22723,76.153066,-42.834928
Thomas Marshall,53,69411 Jennifer Grove,South Michelle,South Dakota,43701,-9.733759,82.7574925
Julie Miller,50,075 Ernest Passage,East Elizabeth,Florida,67583,163.328930,63.189177
Melissa Clark PhD,56,076 Turner Unions Suite 037,South Jennifer,Florida,30802,96.268541,-22.7316775
William Faulkner,56,6279 Mason Well Suite 290,Paultown,Louisiana,73772,-125.008204,6.711291
Dr. Emily Romero,32,05557 Kelly Views,West Williamborough,Connecticut,70566,44.603028,-14.469876
Cheryl Bauer,23,518 Lee Mount Suite 554,Tamaraview,Arkansas,31588,-152.641363,61.065025
Mr. Jeffery King,57,4297 Pitts Turnpike,Port Corey,Michigan,18965,41.936554,-79.340871
Christopher Garcia DDS,80,0543 Steven Spurs Apt. 117,Sarahmouth,Massachusetts,49010,129.474031,42.3000715
David Raymond,18,580 Isaac Glen,Krystalton,Kentucky,25070,-137.150315,42.375935
Katherine Walker,29,76518 Robert Vista,Carlaborough,Nebraska,96258,-159.841814,-0.7653965
Bryan Gregory,32,893 Heather Crossing,North Brittneyport,Arizona,15767,25.498027,-19.0657985
Johnathan Johnson,26,37824 Virginia Estates,Johnsonfort,Idaho,69667,-179.990160,80.7688945
Stephen Thomas,68,83150 Robinson Road,South Paulport,Kentucky,94980,66.062725,-89.7374725
Paula Lynch,57,26543 Tara Port Apt. 094,East Tina,New Mexico,74934,93.379451,70.7449615
Rick Porter,53,1993 Moreno Drive Suite 873,West Stevenville,Wisconsin,98854,-70.964940,-81.579627
Troy Gentry,32,2456 Jessica Gardens,Jacquelineberg,Hawaii,80034,-140.336397,-63.2241985
Madeline Hogan,26,5361 Taylor Plains Apt. 755,New Ianstad,Montana,01914,-167.893325,82.0491355
Ryan Evans,75,156 Meza Coves,Stephenstad,Ohio,35169,72.724650,63.7453485
Juan Coleman,66,20045 Diaz Mission,East Adamshire,Montana,73233,68.679711,-66.576896
Rachel Ramirez,52,478 Natalie Course Suite 386,West Paigeberg,Ohio,12886,144.373254,46.6634705
Linda Flynn,44,486 Christine Well,South Erintown,Delaware,07191,-37.302514,40.6990675
Michael Riley,27,43641 Alejandro Turnpike,West Robert,Connecticut,04919,-165.824617,-65.034395
Veronica Fisher,60,04971 Dean Mountain Apt. 707,Ralphmouth,Florida,01268,-167.653054,74.003376
Lindsey Randolph,68,86974 Craig Mount Apt. 902,West Cynthiaton,New York,88957,34.519311,0.348538
Daniel Hughes,58,68468 Michael Circles,South Daniel,Florida,91368,-29.261660,22.3223135
Michelle Jennings,60,39311 Yu Terrace Suite 263,North Dylan,Washington,53646,57.495403,1.352663
Danielle Daniels,50,01996 Cole Lodge Suite 708,South Thomaston,Oklahoma,12979,-159.897387,-26.4008865
Matthew Allen,60,32900 Stephanie Prairie Suite 632,Weaverstad,South Carolina,88352,29.466453,-81.788491
Theresa Weber,32,938 Michael Mill,Michellebury,Virginia,44624,101.134283,-71.7536905
Debra Reed,38,5517 Sarah Mountain,Lake Krystalside,Hawaii,04560,101.670798,2.9397505
Dustin Davis,65,924 Miller Forge,New Christopherburgh,Tennessee,20034,130.130255,-64.0091175
Wyatt Ortiz,22,96530 Jeffrey Forest Apt. 655,Port Gailville,Indiana,67984,86.236995,31.787721
Audrey Martinez,39,3706 Patricia Course Suite 850,North Timothyberg,Nevada,21312,66.696077,20.1859175
Charles Osborne,64,2494 Michael Corners Apt. 213,Kristinestad,Illinois,40139,133.998584,-2.4457895
Robert Peterson,36,4753 Gabriella Isle,East Heidi,Connecticut,11967,166.865947,-47.472199
Tonya Diaz,28,89188 Michele Street Apt. 148,Lake Kyle,Maryland,53563,81.922617,-17.8543415
Justin Smith,70,206 Smith Harbor Suite 340,West Jillland,New Mexico,44575,154.445664,35.754975
Abigail Oconnor,54,130 Adams Port Suite 700,East Paulmouth,North Carolina,74261,113.572197,-22.7044175
Lindsay Tate,73,458 Clark Ramp Suite 683,Marshberg,Hawaii,86021,72.236669,-50.522222
Paula Larsen,49,38376 Brown Parkway,Donnabury,Nebraska,88432,14.760938,62.2110925
Adam Smith,47,8989 Juarez Gateway,Johnsonstad,Idaho,84248,34.611690,-63.8785555
Nicole Joseph,73,2983 Paul Hollow Suite 486,North Daniel,New Hampshire,75998,-105.553610,-75.2967865
Travis Garcia,59,757 Kennedy Ferry Apt. 638,Felicialand,Illinois,41186,141.092341,-77.590772
Kelly Miles,55,0441 Barnett Stravenue,Johnsonview,South Dakota,10221,-21.546958,79.5707235
Ryan Garza,37,6658 James Flats,Port Christine,Arkansas,62074,-152.673252,-27.200099
Karen Harper,64,39328 James Common Apt. 908,North Alexistown,Nebraska,84096,163.264298,29.881735
Andrew Lopez,50,914 Gonzalez Crescent Apt. 234,Murraybury,California,11195,84.473126,84.008859
Dawn Davis,67,188 Kristen Estates,Alejandromouth,Michigan,56099,54.564047,-65.034886
Gabriella Tucker,80,06691 Gallegos Lock Apt. 911,East Timothyshire,North Carolina,80057,23.226212,-3.505081
Julia Salinas,25,74984 Amanda Crescent,Lake Amyfurt,Indiana,44303,119.031347,10.949202
Pamela Mcconnell,23,7055 Michael Square,South Michael,Iowa,72494,-66.019062,-63.824083
Anne Woods,34,862 Aaron Loaf,Erikchester,Delaware,78613,-103.745847,23.989793
Kevin Hull,60,2287 Susan Springs,Cameronmouth,North Dakota,40258,-102.764666,-4.4105415
Natasha Rowland,67,866 Smith Station,Michaelside,Minnesota,08167,-73.511095,26.0503065
Lauren Montgomery,72,86421 Taylor Throughway,East Allisonmouth,Delaware,12174,179.781867,5.351930
Diana Floyd,68,21649 Caitlin Manor Apt. 035,Fernandeztown,Iowa,04622,-131.630686,75.0252575
Devin Jones,33,20554 Fleming Crossroad Suite 242,New Selena,Nevada,15175,-86.941249,-81.6553965
James Montgomery,26,6251 Samantha Tunnel,Mcguireville,North Carolina,49494,-65.659097,72.037557
Brent Moore,53,520 Jennifer Keys Suite 740,Hatfieldhaven,New Mexico,47734,132.840114,10.660140
Mary Huynh,66,427 Rachel Harbor,East Alisonfort,Michigan,44027,25.471124,41.1019445
Marie Williams,46,101 Paul Mountains Apt. 180,Smithside,Missouri,70281,145.104854,-52.1600915
Kimberly Arnold,65,7738 Wallace Via,Port Carlos,Texas,52528,165.569532,-88.1254695
Nicholas Adams,49,32923 Juan Forges Suite 915,North Tiffanytown,New York,24957,97.914489,-77.935777
Audrey Moses,68,12796 Ferguson Cliffs Suite 467,Lake Taylortown,Massachusetts,40784,-140.315389,0.306038
Sara Gonzalez,39,505 Garrison Bypass,Robertmouth,Colorado,71698,-71.655141,1.906615
Katelyn Francis,35,4833 Andrew Forge Suite 402,New Sandra,Rhode Island,97337,52.009534,60.4583815
Amanda Mccoy,63,56592 Ashley Ranch Apt. 497,Lawrenceport,Pennsylvania,28236,55.310403,74.765111
Susan Davis,32,58370 Joshua Dam,Stephenborough,Kentucky,60709,154.133830,-88.5044005
Kimberly Fuller,70,4539 Hawkins Port,Contrerasfort,New Hampshire,85670,-62.136090,22.310790
Jessica Mccormick,57,84868 Vega Unions Apt. 821,New Steven,Virginia,53532,-86.879489,84.4485415
Christopher Carrillo,27,365 Davis Springs,Rodriguezstad,Virginia,21280,144.074632,29.7524635
Joshua Crosby,77,79685 Brandy Plains,Lake Joshua,Florida,25952,29.871811,-34.4643855
Angelica Villa,59,03511 Renee Mission,New April,Connecticut,22338,39.997257,58.244639
Mr. Michael Garrett,46,7778 Lawrence Points Suite 491,Port Jeffreyton,Idaho,77462,-128.751880,-44.7070635
Renee Huerta DVM,57,8160 Kristine Stravenue Apt. 945,Fieldsmouth,Georgia,55787,-82.089771,47.322993
Mary Stafford,53,593 Kelly Canyon,Port Nichole,Rhode Island,23979,26.172481,-20.5724405
Jordan Shields,23,824 Hicks Keys,South Seth,West Virginia,60273,-176.181716,-12.8943825
Mrs. Brandy Pitts,22,444 Wood Ferry,Austinmouth,Alabama,99729,23.030894,29.938708
Rebecca Cox,74,90589 Andrade Village,Port Benjaminfurt,South Carolina,31675,-89.567466,-3.0091315
Stephen West,56,507 Ho Squares Apt. 620,Brownbury,Alaska,59921,157.174831,-60.6432425
Tamara Fernandez,23,61267 Debbie Terrace Apt. 711,North Nathan,New York,00719,142.740324,78.0229935
Brandon Carlson,71,2652 Garrison Mountain,Andrewsville,Montana,06767,-83.397293,-79.5636245
Shawn Young,78,24643 Jonathan Keys Apt. 528,West James,Louisiana,50896,120.339063,12.2480335
Thomas Smith,29,7973 Farmer Passage,Christopherfort,Nebraska,49480,40.162000,88.9114785
Kerry Gilmore,25,1821 Montoya Stravenue Suite 291,Marcusfort,Missouri,34791,158.596595,42.9122825
Jordan Bowers,18,8129 Carr Islands,New Anna,West Virginia,64739,-33.218351,34.656475
Jonathan Lawrence,26,805 Khan Plaza Apt. 588,North Joshua,Delaware,99340,13.102987,25.851397
Michael Woodard,58,3037 Krista Isle Suite 471,Kimberlyport,Missouri,53848,61.355679,-56.645518
Alexandra Silva,66,057 Hanson Wells Apt. 353,Port Bethanyview,Colorado,54077,-170.307430,59.3323485
Jeffrey Kelley,23,88365 Abbott Vista Suite 580,West Anitaland,Mississippi,95357,139.472618,39.897076
Dominique Curtis,24,2794 Alexander Green Suite 572,Santiagofort,West Virginia,34006,115.882120,26.169719
Anna Olson,69,1065 James Valley,West Christopher,Indiana,69921,91.003224,11.217533
Meagan Barr,56,749 Michael Orchard Suite 886,Lake Kathy,South Dakota,35029,76.167912,-53.707796
Bradley Brown,74,50199 Jackson Fords,Leeberg,Tennessee,77834,102.818147,24.815912
Cody Woods,29,6414 Lamb Harbor,Jacksonhaven,Michigan,50214,-109.823283,-10.056438
Abigail Park,73,680 Gordon Plains Apt. 243,Robertport,Colorado,39181,-166.990567,28.620058
Angela Vang,71,2712 Owen Ville Suite 644,Millershire,Kentucky,31710,0.292099,28.847879
Jennifer Martinez,51,562 Katelyn Courts Suite 048,Lake Julieborough,West Virginia,99184,-51.805240,-50.5012975
Austin Mejia,71,3340 Victoria Summit,New Jennifer,Michigan,69078,-112.179296,-48.826853
Samantha Swanson,56,24236 Melissa Greens Suite 229,Carneyfort,Colorado,69291,-100.420872,71.249894
Chelsey Landry,20,96280 Nicole Fork Apt. 681,Stephanieshire,Iowa,83045,-107.796216,-78.395011
Angela Hensley,46,7013 Smith Streets,East Arianaview,Texas,03378,-155.122141,9.936108
Thomas Anthony,60,8187 Joshua Fall Suite 327,Toddtown,Florida,38899,103.145939,57.310121
Stephanie Ritter,59,12232 Wilson Lock Suite 413,Welchfort,Alaska,31355,-161.581518,29.4004675
Joshua Duncan,51,68617 Samantha Stream Suite 301,Hartmouth,Hawaii,12680,136.122865,-69.5983285
Jodi Rodriguez,64,7694 Gould Courts Apt. 377,Arnoldtown,Minnesota,85770,-50.271658,37.7544985
Lindsey Jenkins,79,1153 Mariah Shore Suite 379,Georgeborough,Washington,11447,-128.824215,-39.047894
Denise Henderson,32,75637 Andrea Cape,Jennifermouth,Texas,55215,45.636444,38.808204
Jessica Meadows,50,17982 Elizabeth Unions Suite 669,Port Ryan,Rhode Island,13390,136.731278,-59.4662945
Peter Sanford,67,6612 Nicole Ville,Port Dawn,Montana,40536,49.720230,-11.241042
Kenneth Harris,36,4397 Brandy Haven Suite 991,South Jose,Kentucky,80547,-76.505220,-21.8608595
Glenn Walsh,80,610 Andrea Fall Apt. 606,West Seanbury,Connecticut,86590,56.976760,75.317523
Anthony Jordan,37,90481 Roman Dale Apt. 841,Port Michael,Wisconsin,81022,-83.968323,86.6618785
Edward Williams,73,57996 Sara Plain,Markshire,Wyoming,49490,-140.054498,58.681946
Theresa Bell,43,563 Thomas Hill Apt. 299,Cisneroschester,Alabama,71442,-31.064756,66.6181135
Randall Rodriguez,26,9863 John Pike Suite 389,Stewartville,Vermont,05275,128.852758,-26.005174
Michael Campbell,57,6346 Rojas Parkway,New William,Nevada,51356,150.029773,-7.6521315
Peter Owens,30,43946 John Shore,East Karen,Nebraska,03937,-152.081473,18.247998
Kelly Robinson MD,27,2204 Crystal Spur Apt. 494,West Thomas,Georgia,29947,-75.681567,-63.3602035
Jasmine Hart,50,9657 Moore Park Suite 872,Courtneytown,South Carolina,56482,-120.708708,-83.354824
Anthony Huynh,61,58795 Heather Islands,Terrybury,Alabama,59097,-115.943292,-2.8995025
Susan Miller,33,4739 Jennifer Lakes Suite 670,Leeview,Ohio,80079,37.017563,17.655329
Brianna Middleton,60,0035 Michael Club,Anthonyville,Florida,06176,27.405837,-30.7245505
Sara Flores,64,2269 Davis Forks Suite 572,Brookemouth,Virginia,74621,99.975368,41.2612885
Erika Hughes,43,706 Reynolds Parks Apt. 916,West Jasonberg,West Virginia,02096,151.757544,-20.651151
James Edwards,46,9905 Camacho Road Apt. 985,Martinshire,New Mexico,41270,-126.575944,-38.274277
Gary Romero PhD,80,48938 Dennis Extensions,Gloriachester,Arkansas,53508,78.045733,9.6785105
Luke Sullivan,78,00013 Michael Highway,Thorntonside,Tennessee,33515,71.754921,87.910654
Benjamin Nelson,73,946 Cameron Harbors,South Rita,Georgia,62514,-78.107676,44.1718695
Heather Dickson,35,3956 Lewis Divide,New Michael,Washington,61879,-76.723697,-63.7508425
Joel Monroe,24,8254 Mccall Highway,Moorefurt,Hawaii,87403,133.423107,21.665644
Kari Howard,65,1462 Vasquez Centers Suite 977,Gracetown,Washington,38859,-149.815506,-18.2918375
Steve Foster,30,17488 Watts Brook Apt. 859,East Andrew,Oregon,17762,29.861659,63.1296405
Mark Hurst,80,1969 Kathy Lock Apt. 022,Mariefurt,Alaska,80592,13.883976,7.789040
Brian Espinoza,79,94084 Brandon Underpass,Sarahport,Washington,04930,157.444537,-32.558584
Travis Miles,23,18716 Peters Gardens Suite 100,West Anitaside,Tennessee,15292,-53.898658,-75.3133605
Alexis Odom,38,143 Harvey Mount,Georgeview,Ohio,06075,-36.328706,65.061664
Wyatt Barrera,69,3196 Karl Underpass,North Yolandachester,Massachusetts,03767,101.876399,44.9728555
Marc Bailey,68,982 Jones Mission,Kelseyside,Montana,86159,-117.681099,-75.802110
Joanna Flores,42,17754 Julie Heights,Davidbury,Oklahoma,05221,-29.585535,66.8942685
Holly Mcintosh,48,9255 Crystal Shoal Suite 273,East Andrewport,Colorado,38075,-77.166980,-7.5667465
Isabel Velasquez,34,834 Barton Stream Apt. 482,New Kenneth,Colorado,91546,-172.608172,-43.3928545
Dean Reyes,25,07626 Davenport Mill Apt. 546,West Vickieville,California,21879,1.684098,10.374373
Jacob Thomas,26,769 Kathleen Mountains Suite 479,Debraborough,Massachusetts,30629,-126.024527,-41.850748
Angelica Thompson,20,2487 Medina Squares,East Isaiah,Tennessee,20976,-45.948304,17.6343845
Richard Graham,43,534 Holmes Burg Apt. 288,West Joseph,Nevada,58160,165.798149,19.592460
Wendy Patterson,69,3036 Carr Port,Martinbury,Kansas,97026,-105.912571,-67.209331
Dennis Turner,54,1641 Kimberly Dale Suite 046,West Steven,Massachusetts,40867,136.284891,-54.7741955
Karl Edwards,51,10469 Anthony Court,New Mike,Minnesota,04019,-18.660271,-35.761143
Crystal Delacruz,79,374 Patel Brooks,Teresastad,Texas,13669,-156.929487,42.903413
Larry Cohen,21,6009 Nancy Locks,New Nicholastown,West Virginia,40083,-119.616711,55.8578915
Jerry Lynch,23,41693 Mercado Summit,Brianmouth,California,09329,-69.922363,-28.6430965
Angela Roach,51,263 David Drive,East Johnborough,Illinois,68026,92.485108,26.8622445
Jeffrey Turner,77,37053 Martinez Skyway,Michaelshire,New Mexico,32558,18.509877,-86.2811745
Angela Crane,35,00056 Marc Forest,Tammyville,Rhode Island,09535,27.032792,43.1700435
Ronald Bell,26,0447 Pamela Extensions Suite 131,Davidsonchester,Kansas,23213,-71.208089,-72.1506205
Jonathan Robinson,67,7688 Anthony Stream Apt. 379,East Karen,Nevada,20492,-17.578268,4.439041
Matthew Stephens,57,1065 Santos Circles Apt. 697,Masonmouth,Vermont,92787,-151.426129,-15.188106
Ashley Underwood,40,5180 Cheryl Shore,North Ashley,Virginia,68845,-164.880389,-20.2164265
Amber Miller,67,009 Margaret Locks,West Erica,Hawaii,43178,40.087164,45.9408635
Stefanie Ross,34,6789 Brianna Common Suite 245,Diazmouth,Tennessee,21251,-172.947261,30.942445
Crystal Smith,25,0594 Kelly Shoal,Arnoldfort,Vermont,22663,84.550225,89.6335115
Larry Griffin,73,17510 Garrett Trail Apt. 628,Christophertown,Wisconsin,30004,83.264469,-88.3130515
Amanda Romero,77,1927 Zachary Trail Apt. 113,Williamsstad,Kentucky,87974,33.650491,16.221325
Erin Schwartz,71,7009 Stein Lodge Suite 617,Doughertyfort,Connecticut,21283,74.803133,51.870683
Emma Stafford,56,7211 Brandon Route Suite 798,Hutchinsonfort,New Jersey,52860,-114.795371,-49.955174
Joseph Adams,59,6719 Samantha Shoals,West Pennystad,Maryland,38591,-135.998454,-35.755130
Jasmine Rogers,71,26237 Ward Pike Apt. 614,Leeberg,Minnesota,55709,-8.117005,-55.9000135
Robert Parker,47,986 Paul Cliffs,South Crystal,Maryland,32832,0.340230,-52.652448
Kimberly Wood,18,194 Charles Radial Suite 961,Greentown,Maryland,37719,-103.245877,28.750360
Jorge Rubio,31,12849 Amy Port Suite 264,Lawrencetown,Oklahoma,63894,-42.106335,-8.181411
Juan Garrett,63,3255 Grant Bridge Apt. 506,South David,Hawaii,42546,115.474700,66.105735
Douglas Jackson,76,0878 Barron Street Suite 433,Pachecoberg,Massachusetts,27315,130.745097,44.5779525
Brittany Santiago,20,86965 Benjamin Fords Apt. 652,Wilsonview,Hawaii,67468,158.957801,23.4152155
Thomas Russo,45,439 Kaitlin Fork,South Jamesview,New Jersey,03109,-143.760210,-55.357451
Julie Reilly,40,0349 Newman Forest,New Isabellafurt,West Virginia,97200,-68.083484,-14.6113175
Victor Jenkins,34,245 Rodriguez Hill,Erinville,Nebraska,48559,155.409033,-76.411009
Sean Fisher,35,68834 Pamela Court,Port Gina,Louisiana,36388,155.900509,-63.2742645
Anthony Williams,53,64823 Owens Squares Apt. 492,Daisyton,Hawaii,17172,-107.390060,-6.4300145
Danielle Black,29,31164 Melanie Bypass Apt. 174,North Calebborough,South Carolina,01376,157.757544,-0.1633145
Martha Burns,35,84330 Amanda Village Suite 974,West Dawn,Virginia,16413,104.181803,-14.6980115
Javier Weiss,34,55582 Hernandez Centers Suite 591,East Troyland,Arizona,92448,144.108405,-61.1562835
Robin Clark,57,7112 Cain Views,Kathrynhaven,Florida,04188,-124.131799,-73.329547
Timothy Maldonado,54,671 Torres Plaza Apt. 014,Cherylfort,Hawaii,78993,155.938784,-47.920870
Jeffrey Morgan,22,708 Christine Throughway,Phillipmouth,South Dakota,57632,46.770926,15.1799585
Douglas Tran,70,614 Sanchez Fork,West Troychester,Missouri,86858,-167.141564,16.2131505
Jeffery Rios,76,11585 Mark Summit,Mcculloughview,Wyoming,51063,-137.283063,-57.3342085
Kristi Cordova,66,60329 Kelly Point,Andersonside,Hawaii,30992,-127.470709,68.6584945
Cynthia York,51,7898 Melinda Freeway,Josephtown,Louisiana,96778,-3.279872,-89.508819
Charles Graham,54,65110 Michael Port Apt. 632,Markton,Pennsylvania,20400,-13.737022,-44.412050
Ashley Brown,28,180 Jonathan Avenue,Brooksfort,Tennessee,80093,-178.865613,10.6445715
Tammy Brady,52,901 Dennis Roads Suite 439,South Yolanda,Arizona,80893,80.990409,-16.8782505
Jacqueline Harvey,66,891 Bryan Via,New Stevenberg,Montana,11968,-81.022122,85.921185
Katie Clark,62,652 Osborn Streets Apt. 449,New Isaacmouth,Arkansas,19514,137.720094,-35.525095
Melvin Grant,22,993 White Port,Lake Kimberlyhaven,South Dakota,48751,96.467152,-48.9130335
Teresa Marshall,23,5852 Ryan Creek,North Stephanie,Indiana,19910,134.940748,-67.658117
John Walker,75,5130 Mason Route,Lake Laurabury,North Carolina,90383,-52.035846,75.8681385
Robert Whitehead,23,137 Underwood Falls Apt. 249,West Robertmouth,Alaska,79073,62.817800,-25.533328
Brian Young,74,503 Snyder Dale Apt. 202,Martinchester,Virginia,80839,166.754876,-29.323084
Jamie Matthews,66,04528 Miller Falls Apt. 276,North Andrealand,Colorado,95606,104.899747,-59.1371625
Robert Arellano,45,8349 Amy Mews Apt. 313,South Amanda,Rhode Island,28042,-21.421174,-20.4568925
Adam Taylor,65,07609 Preston Union,Port Gary,Oklahoma,52757,-93.376145,-11.217708
Tony Frazier,28,48191 Cook Ridge Apt. 597,Kristimouth,Michigan,72205,56.767385,18.682759
James Williams,40,97531 Gallegos Mall,Timothystad,West Virginia,39711,108.494743,-69.1042595
Jonathan Lewis,43,57450 Perkins Garden Suite 106,Port Rachel,Montana,34858,-111.524360,21.1709935
Jessica King,75,089 Michael Ranch,West Raymondborough,West Virginia,89436,62.521562,79.0708085
Michael Fuentes,27,891 Smith Viaduct,New Dylan,Missouri,30795,-136.015112,61.078329
Sarah Banks,25,746 Marie Route Suite 772,Lake Thomashaven,Colorado,38268,13.359500,30.2524185
Samantha King,60,9191 Morris Gateway Apt. 857,Floresstad,Delaware,46794,98.315766,-9.8418565
Michael Smith,51,2617 Daniel Meadows,North Christian,Rhode Island,30576,-45.771402,-82.3158855
Mariah Sosa,48,64573 Guzman Avenue,Phillipshaven,Minnesota,05429,-15.376491,-27.080390
Robert Adams,33,817 Jones Hill Suite 565,South Cathyborough,Washington,52788,69.621874,-68.759798
Cynthia Noble,55,87837 Randall Squares,Kathyside,New Mexico,68310,43.434461,-26.7972365
Amanda Ellis,77,2880 Jacobson Village Suite 582,North Charlesport,South Dakota,71262,5.484984,73.4448555
James Bryant MD,69,91333 Alexander Groves,West Annette,Vermont,56794,171.515348,-51.3541365
Meghan Cole,34,1209 Zachary Manors Apt. 786,Megantown,Alabama,61262,176.993081,86.2816045
Derrick Davies,23,228 Rachel Valleys,New Travisfort,Washington,72356,49.336550,-24.287165
Alexandra Sullivan,58,679 Mark Shore,New Josehaven,Pennsylvania,09227,-45.625313,-37.907425
Shelby Rodgers DDS,56,6179 Jenkins Well,North Stevenfurt,Washington,41175,92.703609,-11.169414
Natasha Hernandez,28,8389 Paula Trace Apt. 937,Jonathanfort,New Mexico,84105,139.171978,-49.2124785
Samantha Clark,66,985 James Port,New Gregoryhaven,Alabama,66754,-143.340454,-79.369785
Mary Pugh,32,997 Christopher Rue Suite 158,Wallaceton,Louisiana,72334,-72.334092,-4.4381985
Keith Spears,78,8524 Alexander Mountains,North Ashleyfurt,Louisiana,04514,82.081009,38.511733
Joseph Moore,25,889 Hernandez Spur Suite 866,Maciasview,Nevada,71601,-38.731326,-20.140250
Ian Smith,52,68802 Nicole Squares,Deborahstad,Alabama,41184,-122.878231,44.3780825
Lauren Collins MD,70,96464 Carolyn Well Apt. 138,Jensenmouth,Alaska,07895,-7.825392,53.373713
Amanda Sanchez,29,60888 Ortega Wells,East Heiditown,Wisconsin,10851,25.187267,52.7033465
Mr. Anthony Brandt,80,905 Lee Forges,Port Terri,Pennsylvania,18634,126.133023,-25.021913
Linda Garcia,63,39879 Gomez Plains Suite 595,Michaelside,Vermont,54932,130.255121,-79.088400
Nathan Mills,32,210 Butler Walks Apt. 181,Millermouth,Alabama,47505,-71.731751,6.5012565
Vanessa Jenkins,39,43448 Anthony Ports Suite 238,Knightchester,Utah,25909,157.943719,-28.3716995
Brenda Hickman,34,2032 Mejia Camp Suite 940,Lake Bobbyberg,Virginia,09986,-39.228434,-78.411183
Christina Dixon,31,19421 Pham Cove,Lake Nicole,Oklahoma,41943,174.729876,28.905607
Jason Meyer,31,378 Richard Via Apt. 375,Lake Stephenside,Virginia,10450,-159.646107,10.545779
Joshua Wolf,58,76419 Kelley Garden,Port Patrick,New Mexico,56693,63.132728,-82.521199
Kevin Robinson,29,3957 Kyle Shoals,Lewismouth,California,43406,-125.523719,-78.619426
Carla Torres,54,499 Brittany Hollow Suite 757,Michaelview,Idaho,81132,127.500710,87.597129
Brandon Mitchell,79,351 Guerrero Plain,Thompsonmouth,Maryland,08866,93.545161,-40.766501
Dawn Porter,52,02305 Denise Mills,New Karenville,Maine,98763,-38.617829,-70.435286
Victor Hansen,39,2376 Kurt Mews,Simmonsmouth,Texas,83516,-58.237328,39.541276
Crystal Washington,48,489 Morgan Turnpike,Evelynchester,Delaware,73289,-90.209769,13.5354695
Kerri Paul,70,87102 Wade Lodge Suite 033,Heatherport,Massachusetts,51632,-16.009328,78.1432635
Emily Reed,67,6788 Michael Fields Suite 606,Heidihaven,Oregon,45963,-40.452337,-69.4106305
Tina Roberts,47,3806 Sarah Grove Suite 564,Jamesside,Massachusetts,97238,111.355679,-68.547603
Bethany Pope,39,1614 Smith Junctions,West Martha,New Jersey,22596,34.239307,60.276431
Shelly Davidson MD,79,43952 Robinson Camp Suite 869,Ericview,Florida,29525,-60.304829,-4.6397125
Patricia Edwards,25,65274 Martin Isle,Lake James,Wisconsin,88378,-141.335563,20.1925495
Luis Richardson,33,17399 Matthew Mount,Ericksonfurt,Tennessee,34568,143.307560,-60.6332165
Austin Hurley MD,66,235 Mitchell Locks Suite 658,Tonyaport,Georgia,90027,-87.339314,-68.470189
Anna Freeman,43,65184 Black Expressway Suite 298,East Brandonshire,Alabama,52562,-20.355094,-63.690495
Mr. Jared Noble,39,6558 Suzanne Forks Suite 532,Eatonport,New Hampshire,86570,70.211490,-56.8308055
Kayla Bishop,49,1050 Michael Brooks,Webbborough,Alabama,71135,4.145754,-55.2292715
Krystal Simmons,42,053 Justin Gardens Apt. 743,New Brooke,Virginia,93995,-82.636845,67.4605795
Henry Mitchell,37,7785 Virginia Groves Suite 357,Lechester,South Dakota,64826,-147.938846,-73.173263
Jose Harding,62,951 Swanson Junction,East Anthonyborough,Tennessee,51044,66.340487,30.629642
Brittany Oliver,20,685 Brown Corner Apt. 738,Lake Cynthialand,Wisconsin,21329,-109.735707,26.072699
Marvin Hicks,45,15691 Lori Run,North Andrewmouth,Mississippi,18633,115.231649,-18.6650445
Gregory Blair,52,246 Allen Isle,Port Shelbyview,North Dakota,34490,94.379958,58.221225
Joann Tanner,78,442 Reynolds Plains,Owensfurt,Idaho,66369,-11.239298,67.430568
Mark Green,28,06178 Bonilla Bypass Apt. 820,Lake Kristinfort,Virginia,27644,-14.300641,-41.0840775
Tiffany Smith,49,8851 Robin Circle Suite 205,Tylerbury,North Dakota,83266,-45.798122,7.650068
Charles Allen,48,57410 Peterson Burgs Suite 068,Jorgeland,Iowa,46641,31.179421,-12.8285145
Patrick Diaz,45,6988 Brittany Run,East Joelland,New York,26005,125.254284,-17.983697
Raymond Jones,47,7932 Hannah Cliffs Suite 654,Port Roberto,Maryland,64532,-175.518937,-65.249924
Kathy Gates,26,8595 David Forest Apt. 031,Port Christopher,Massachusetts,59520,3.524338,-75.496735
Cynthia Hernandez,53,3519 Allen Loaf Suite 876,Pamelaberg,Alaska,04359,103.733342,-21.8380005
Kelly Ayala,33,53839 Bryant Locks Suite 144,West Katherine,Florida,55716,134.913490,67.521675
David Mendoza,55,313 Eddie Viaduct,Catherineberg,Wisconsin,48692,-62.844018,76.893231
Marcus Rivera,35,27139 Knight Path,Fergusontown,Minnesota,24573,34.042605,-82.743594
Evan Smith,54,183 Mejia Fields Apt. 888,Jamesmouth,Indiana,29175,115.298493,-75.7977515
Leon Williams,57,7767 Jerry Shoals,Camachoside,North Dakota,70018,-66.712828,-25.9528215
Phillip Blair,26,6190 Snyder Terrace,Barnettmouth,Wisconsin,65101,-82.797254,32.396375
Daniel Bell,25,06649 Bowers Inlet,Lesliebury,Wyoming,49262,-3.644632,-55.626632
Austin Porter,64,44635 Billy Parkways Suite 609,Deborahhaven,Alabama,12903,98.173533,-15.286569
Debra Johnson,23,06086 Pineda Land Suite 883,South Jessica,California,58767,144.552703,-7.4674265
Derrick Mullins,29,2622 Johnson Light,Allenborough,Oregon,53045,50.139457,-54.5800385
Kristina Mayo,22,043 Davis Mission Suite 017,North Adam,California,71929,-131.807988,-7.800636
Ronald Wade,49,5973 Joshua Summit,Kristenhaven,West Virginia,94648,169.401043,0.8575185
David Kramer,29,2392 Matthew Burg Suite 604,Heatherstad,Montana,60220,137.478281,-5.069124
Dana Fuller,50,39381 Livingston Canyon,Colebury,Arkansas,89816,18.947196,62.893751
Alyssa Jackson,75,278 Michelle Square,Vaughanport,Montana,64112,131.721732,-1.2703325
Michael Williams,35,82238 Smith Underpass Suite 668,Jonesville,New Mexico,30931,-120.512894,-38.8716815
Jacob Mitchell,76,28393 Stevens Crescent Apt. 356,Michaelhaven,Indiana,24853,113.965790,-42.822549
Daniel Everett,23,8859 Fletcher Mountains,Port William,Oklahoma,65059,157.857662,-45.6492895
Dawn Hess,34,7921 Raymond Fork,Amandaview,Georgia,75003,-114.491571,60.917207
Brittany Sharp,29,69963 Parks Rapids,Jessicachester,New Jersey,84327,-6.022865,84.7521105
Robert Wall,42,2378 Nicole View,Westtown,South Carolina,80148,-61.071183,-83.489724
Jamie Goodwin,21,67860 Anna Pines,Oconnorville,Delaware,52490,-62.919561,15.874907
Scott Evans,43,51022 Natalie Ports,New Heatherville,New Jersey,87649,-84.882319,-1.2099005
Monica Fernandez,69,02549 Jones Pass,West Thomasville,Texas,61443,-13.162155,77.4919625
Christopher Kent,59,64688 Neil Harbors Apt. 855,East Curtis,Nevada,35322,-38.508974,-22.876399
Kimberly Moreno,23,33480 Cabrera Knolls Suite 797,Meltonfort,Maryland,48994,77.682055,-58.095663
Christopher Alexander,63,76317 Martin Skyway Suite 112,Jesseton,Colorado,91530,-41.631007,-52.325809
Amy Walker,41,22887 Luis Village,Lake Margarethaven,Oklahoma,60316,-119.087926,28.113034
Kiara Ayers,46,194 Wilson Lodge Apt. 523,Knoxport,Mississippi,03839,81.452076,-15.7957135
Patrick Rios,56,5157 Rollins Throughway Suite 905,West Henry,Alaska,22803,-10.346132,-64.052340
Kathleen West,25,9133 Cummings Coves,Ericksonside,Delaware,30640,-9.264016,51.1046035
Bryan Rogers,29,491 Ward Via Apt. 715,Rodriguezmouth,Rhode Island,13702,-97.870121,-79.3072905
Patricia Davis,71,54959 William Mission,East Jeffreyside,Iowa,59311,-48.099428,56.894961
Brandon Carter,35,8386 Wilson Lakes Apt. 385,North Natalieborough,Nebraska,71483,90.807665,-59.3133645
Jason Miller,53,052 Philip Tunnel,Edwinview,Delaware,05503,122.688671,27.4451395
Joe Munoz,61,284 Derrick Freeway,North Amy,Arkansas,32822,-55.425493,0.1642335
Alan Arnold,47,2770 Patrick Lakes Suite 438,Robertbury,Iowa,91203,130.475192,-64.680034
Todd Hobbs,57,517 Harris Vista Suite 650,Aguirrefort,Wisconsin,80434,-39.059121,3.104831
Stacy Williams,78,454 Samuel Mills Suite 825,North Deborahville,Washington,51794,-164.298595,-2.5644595
Elizabeth Cox,46,4090 Shannon Road,Jaimeborough,Louisiana,37413,171.037265,29.8033375
Oscar Valdez,43,74761 Jackson Burgs Apt. 361,Lake Kristi,Idaho,11038,25.752591,-89.048925
Angela Aguirre,51,4304 Torres Lakes Apt. 347,South Ryanbury,Kentucky,36972,-28.650211,-37.229817
Doris Blair,31,653 Tucker Circle Suite 458,Riveraside,Alaska,59198,159.195189,10.623899
Robert Burns,62,1313 Laurie Harbor,Kevinchester,North Carolina,55234,150.257009,-50.8698345
Luis Silva,31,3174 Brooks Cliff Apt. 435,East Dennis,Alaska,17956,-103.777852,48.1502665
Robert Hurley,34,51689 Robertson Roads Suite 656,Sullivanbury,Pennsylvania,80101,138.577811,-44.2780745
Robin Deleon,59,418 Parrish Vista Apt. 015,West Gabriela,Indiana,45984,125.338345,87.7613085
Brittney Wilson,55,96486 Greene Greens,Petersenside,Nevada,22657,78.470156,59.2843875
Michelle Paul,42,150 Andrew Station,Crystalfurt,Minnesota,86232,7.475789,-35.7671375
Katherine Davis,74,2427 Hendricks Shore Suite 276,New Stephanie,Utah,69389,103.240895,-62.4552115
Katie Tran,30,228 Mary Expressway,South Ryan,North Dakota,35820,176.925072,59.861924
Michael Walsh,65,981 Wolf Crossroad Suite 696,Williamsberg,Maryland,07707,-89.944266,58.324670
Logan Gomez,53,589 Boone Via Suite 040,Lake Robertburgh,Florida,99282,-33.869678,-48.6892175
Jennifer Ferguson,27,481 Luis Falls,Simpsonchester,Louisiana,78186,-38.633144,64.766307
Eric Ruiz,26,27100 Kevin Mills,Jonesfort,Massachusetts,53071,-23.936424,1.999012
Dwayne Jackson,24,139 Joshua Hill,Port Natalieton,Delaware,82637,-69.507126,-82.614277
James Wilson,34,0562 Morris Road,Lake Geoffreymouth,Vermont,03271,176.176492,61.0685115
Brett Sanders,70,39900 Elizabeth Vista,New Meagan,Colorado,08312,-159.472216,-46.666533
Aaron Escobar,60,9598 Jessica Islands Suite 598,South Kari,Delaware,09735,131.436271,70.6680155
Bethany Sanchez,32,95899 Darren Springs,Flynnmouth,Iowa,98504,-107.271874,21.653373
Chelsea Santana,48,64358 Anthony Divide Apt. 049,New Julietown,Georgia,08779,179.884386,-83.323166
Kelsey Stewart,42,607 Perry Rapid,Vanessaborough,Indiana,90695,11.782119,-39.3882875
James Riley,36,05728 Collins Hollow,North Rachelview,New York,63343,-71.054558,85.0844205
Tracy Jones,26,782 Garcia Station,South Dennisport,Vermont,87401,-48.039203,-16.0502685
Elizabeth Williams,45,0207 Ramirez Summit Apt. 678,Foxbury,North Dakota,32847,65.480439,69.898523
Heather Perez,22,663 Griffin Island,North Roberthaven,Missouri,62109,59.323752,-17.522756
Jennifer Cross,37,18233 Deborah Road Apt. 848,Bakertown,Virginia,25988,-93.571544,7.4198695
Jamie Griffith,46,983 Carter Plains Apt. 723,South Karenmouth,Wyoming,62808,-6.411530,-45.3537275
Jennifer Levy,34,019 Cox Gateway,North Nicholas,Alabama,71848,99.633403,63.0249565
Patrick Wilson,20,7866 Hodges Club Apt. 725,Garciaside,Wyoming,57910,56.375495,-15.8050975
Michelle Adams,56,70571 Mary Ville,Lake Samuelborough,West Virginia,97933,-164.362611,22.555997
Tara Myers,48,88474 Shannon Shoals,Boydstad,Indiana,75265,132.860555,-82.8125315
Jose Mills,50,3592 Mitchell Ferry Suite 785,Sylvialand,Pennsylvania,78515,3.825397,-26.9171335
Melanie Mann,20,66153 Lewis Courts,East Elizabethfort,New Jersey,74245,32.940782,-26.1860075
Aaron Smith,57,2387 Stephanie Throughway Suite 462,New Jennastad,New Mexico,78664,102.970399,-53.1663065
Susan Ramirez,67,1625 Sarah Heights Suite 974,Wendyport,Idaho,67523,2.512305,-34.9713185
Caitlin Stokes,36,51600 Karen Inlet Suite 565,New Robertton,Michigan,28444,-57.171069,-1.2582395
Denise Gordon,72,2826 Lawson Cliffs,West Michaelmouth,New Jersey,95835,171.093862,24.4686075
Sara Reyes,20,9336 Natalie Point,Lake Anna,Rhode Island,21394,-86.112842,10.273015
Samuel Schwartz,31,59251 Orr Station,Port Samuelside,Illinois,89508,107.572500,-40.2748265
George Knight,36,00381 Alexandra Islands,Woodsport,Utah,83119,13.099334,-41.0340185
Robert Ortiz,20,32327 Michelle Street,Amychester,Michigan,75100,-47.587113,-31.675303
Brittany Stewart,79,39828 Patrick Plain Suite 044,Elizabethbury,Wyoming,27891,17.129237,-30.3917705
Luis James,57,682 Shawn Spurs,East Jacquelineton,Florida,25840,71.183260,-46.095712
Corey Perez,36,087 Angela Cliffs,New Katherineport,Connecticut,30438,-143.414642,17.850352
Timothy Conway,50,4693 Kayla Valley Apt. 921,Patrickview,New Mexico,41336,-5.989244,21.550463
Megan Hawkins,52,28908 Lloyd Harbor Suite 947,North Katelynton,Iowa,50551,103.509142,-57.188511
Douglas Giles,73,689 Lorraine Ramp Apt. 360,East Jennifer,North Dakota,00863,-60.012180,3.219896
Joyce Villanueva,31,67060 Evans Cape,Ralphville,Nevada,84381,83.901854,63.7985455
Rebecca Davis MD,51,82996 Jessica River,Sherryfort,Oklahoma,13100,163.407209,-15.423646
Heather Gilbert,57,339 Karen Stream Suite 209,Catherineside,Montana,96067,-14.479573,-65.369140
Raymond Carson,50,24858 Carrillo Cove,Quinnfurt,Alaska,39501,-131.308625,16.1155995
Krystal Reed,72,313 Lawson Burgs,Farmermouth,New York,04485,127.253879,-1.466944
William Curry,32,6132 Stacy Meadow Suite 805,Jeffreyberg,Minnesota,36714,-81.075149,-16.9717765
John Farmer,76,28317 Melissa Junctions Suite 438,Devinland,Idaho,60514,-44.460333,40.6931775
Angela Kim,68,7385 Cynthia Cove,Emilyshire,North Dakota,65557,49.680787,-27.480441
Cassandra Ford,30,21353 Glover Alley Suite 280,Andrewtown,Iowa,19158,-153.954485,52.657813
Richard Grant,23,3257 Thomas Rest,New Kenneth,Pennsylvania,35790,48.593484,66.268125
Jamie Daugherty,25,0340 Rivera Falls,Abigailside,Maine,22237,-161.193431,-56.918806
Jeffrey Quinn,64,300 Audrey Mountains,East Jamesmouth,Arkansas,37172,-142.752507,-11.1051125
Stephen Howell,42,5007 Julie Shores,East Charles,Colorado,69408,31.078573,-70.6454645
Kevin Kim,33,435 Garcia Ferry Suite 427,Jessicaland,Nebraska,32087,72.756917,34.1835805
Trevor Cook,73,3497 Jones Mall Apt. 134,North Teresa,North Dakota,24506,127.175559,-11.690492
Denise Gonzalez,25,5716 Stewart River Suite 951,Alexanderville,Delaware,14545,-111.864591,40.2869635
Eugene Bowers,72,608 Anthony Trace,New Brandi,North Carolina,56273,154.314074,-32.3361905
Stephen Davidson,59,9413 James Streets Suite 305,Brooksfurt,Virginia,30937,144.892562,-13.540430
Chelsea Gomez,42,088 Tracie Groves Apt. 791,West Theresa,Virginia,88210,-86.342515,-16.4242455
Ryan Phillips,48,8451 Lewis Shore,Timothymouth,Delaware,07455,150.504389,61.0940705
Joshua Howell,66,989 Smith Islands Suite 377,Lake Danielle,Oklahoma,95698,-36.660154,-45.8022795
Janet Bush,57,30182 Morris Drive,South Daniel,Utah,61489,156.832167,63.5710545
Mrs. Jessica Clayton,57,84690 Susan Stream,Reneetown,Indiana,72560,-120.551379,-33.377581
Danielle Chambers,54,9280 Smith Lock,Michaelland,Michigan,70211,-125.568126,-36.0981565
Joshua Gibbs,28,4524 Taylor Greens,Carolville,Nevada,73980,166.222527,-43.051450
Mary Taylor,29,0499 Nicole Mews,North Zachary,Minnesota,08706,-9.305640,11.323522
Melissa Chen,78,386 Rachel Views,Adamston,Nevada,79136,146.964310,-32.528787
Jillian Smith,64,7628 Max Meadows,Lindabury,Alaska,86061,2.474111,-69.220886
Jonathon Rose,55,17810 David Centers Apt. 127,South Jacob,Missouri,37155,4.387319,-88.3413045
Darren Roberson,59,237 Hunter Groves Apt. 972,New Richardview,Maryland,18904,174.657935,-23.6933885
Steven Harper,23,42089 Thompson Drive,Lake Robertborough,Alaska,05933,-152.991633,6.2959165
Jared Nguyen,20,559 Tracy Place,Jeffreyborough,Alaska,76663,160.041171,86.9192325
Michele Phillips,72,50722 Jeffery Well,Lake Victorchester,Maryland,19718,-95.804977,-80.794795
William Martinez,28,8613 Cooke Plaza Apt. 404,Port Karen,Vermont,13708,-94.742050,-25.4803445
Christian Cruz,68,9857 Jeffrey Extension,East Julie,Kentucky,48416,126.794509,-83.104312
Adam Clark,68,157 Larson Wall Suite 846,Marcusbury,Oklahoma,75655,148.339062,-74.1617165
Maurice Buchanan,56,4945 Thompson Fields,Kellyton,Arizona,47994,113.239224,73.688045
Joshua Christensen,50,02710 Parker Land,Hicksfurt,Arizona,55760,99.323093,-67.914277
Karen Matthews,21,816 Michael Estate Apt. 378,East Jennifermouth,Colorado,19587,8.162542,-73.3101455
Cheryl Wise,68,1198 Yvonne Stravenue,Garciachester,Ohio,31583,-129.476743,-77.126145
Heather Payne,34,25999 Anderson Locks,Kennethville,Florida,44765,80.018913,33.7888445
Gary Obrien,31,639 Johnson Valley,Kurtfort,Maryland,21482,85.158210,66.5579105
Michael Robbins,51,04781 Abigail Row,Kennethstad,Texas,32000,66.645817,3.617961
Michael Hunt,36,97370 Erika Underpass,Martinezview,Oklahoma,26496,27.889491,88.972198
David Russell,70,4691 Conner Knolls Suite 039,West Daniel,Nebraska,18221,99.661042,32.5822555
Lauren Martinez,52,0404 Melody Lodge Apt. 429,South Emmachester,North Carolina,82513,12.579138,40.3136155
Thomas Smith,18,863 Brown Brooks Apt. 283,West Christon,New Hampshire,94732,-139.069727,63.608794
Lori Rivera,55,10407 Carlos Spring Apt. 565,Kimberlyport,Texas,42574,7.187631,-7.118794
Andrew Williams,55,447 Wright Green,Christophertown,Nebraska,47820,-67.800803,-85.2942205
Monique Davis,75,35519 Corey Wells,Johnshire,South Dakota,83654,-40.286098,33.9160625
Richard Potts,60,3285 Eric Ferry,East Franklin,Maine,14068,83.377574,-66.780101
Nathan Morrison,54,35473 Martinez Dale,North Sarah,South Dakota,27293,-55.487100,-9.320721
Evan Rojas,60,345 Young Squares Apt. 774,Romeroton,Idaho,08438,129.012846,4.424373
Jillian Brown,56,498 Gallegos Camp Apt. 711,West Tina,Connecticut,01693,-0.154952,31.205600
Eddie Cochran,52,7643 Delgado Walks,North Bobby,Washington,48330,1.766586,81.937833
Sandy Shelton,68,81685 Walker Rest,Olsonton,Georgia,64633,49.918784,78.1398315
Robert Romero,47,6597 Kathleen Cape,New Edwardburgh,New York,13243,-97.644046,-30.061904
Casey Richards,19,534 Alicia Lodge,East Garyberg,New York,92964,-3.101547,22.6299615
Devin Walker,19,931 Mueller Rest Apt. 709,Jennifermouth,Washington,89770,-49.557342,73.337039
Kenneth Jones,49,6720 Jones Street,South Saraport,Delaware,40656,16.695359,81.5138885
Patrick Garcia,71,0450 Simmons Villages,Kellyburgh,South Carolina,53508,-23.346214,2.3970025
Leslie Maddox,23,678 Knight Crossing,Shahberg,Arkansas,87320,-150.963361,56.240270
Jerry Kelly,48,42770 Davis Pine,New Thomasport,California,65143,-73.844695,-81.1316035
Michael Foster,48,09618 Stephen Knolls,New Deborahland,Maryland,05397,131.693071,15.7451005
Christine Todd,22,32885 Kelley Mall,South Michaelville,West Virginia,78456,1.502229,76.2388145
Kyle West,63,174 Gregory Locks Apt. 384,New Joshua,Rhode Island,92759,-27.296402,46.0459135
Stephanie Pearson,59,5942 Barton Fort Suite 824,North Jeffreyville,Rhode Island,00537,26.707253,52.043527
Daniel Brock,43,50413 Waters Union Suite 893,West Christophershire,Rhode Island,26336,-23.548962,-40.2659925
Stephanie Parker,47,4549 Wagner Islands Suite 481,New Allison,New Hampshire,89497,-88.382501,9.019938
Elizabeth Newman,76,4393 Richard Skyway,Swansonport,Connecticut,55262,9.541969,-40.104284
Paul Jackson,41,8944 Hood Way,Schaefermouth,Michigan,78769,16.839977,-2.403000
Erin Parsons,75,630 Hernandez Hill Suite 438,East Brandon,Arizona,73333,-27.589633,-88.8880755
Beverly Richards,26,58657 Campbell Station Apt. 537,Lake Kelsey,California,82327,-164.726097,-77.4474715
William Shepard,38,0334 Sandoval Ports,Annefurt,Tennessee,10631,-55.496724,-8.443714
Jaime Goodman,63,126 Bean Via Suite 353,Hunterland,New Jersey,76161,-54.382490,-83.577134
Natalie Vazquez,28,2200 Patricia Valley Apt. 203,Parkhaven,Missouri,19342,36.154801,-65.766383
John White,41,000 Tina Station Apt. 774,Lake Darrelltown,Minnesota,32719,68.820568,-15.765169
Stephanie Martinez,19,6644 Dunn Valleys,New Jeffery,Texas,11782,116.374978,16.556004
Cody Moreno,48,42134 Kerry Drive Apt. 183,New Karen,Illinois,05537,-47.444475,-22.038195
Colin Lopez,66,6473 Martin Hill Apt. 597,Herringberg,Pennsylvania,88796,37.687311,-31.883954
Michelle Harris,45,4239 Makayla Knoll Suite 840,South Keithstad,Hawaii,24443,176.913445,61.566901
Melissa Terry,20,9079 Harry Run Suite 005,Lake Kathleen,Alaska,00834,141.146531,-62.8606825
Donald Webster,55,58254 Cunningham Lakes Suite 901,Alisonmouth,Colorado,27818,-27.137774,63.353667
Dr. Dawn Pham MD,53,51564 Burton Radial,Hodgefurt,Missouri,83854,-169.786678,-14.287940
Michael Schaefer,56,9593 Allen Extensions Apt. 824,Jessicachester,Washington,26690,77.811290,-83.993668
Bryan Harper,56,55585 Alvarado Mountains,Smithchester,Delaware,20632,132.900300,-37.3022505
Brittney Martin,63,6782 Bender Mills Apt. 910,West Caleb,Rhode Island,43807,161.595202,5.1360365
Nicholas Hull,39,600 Browning Causeway Suite 146,Harrisonberg,Kansas,55703,-33.369469,-66.6374165
Ryan Fernandez,44,1024 Gregory Groves Apt. 336,Samanthaton,Oklahoma,94097,65.744861,81.033905
Wesley Brown II,57,418 Matthews Rapid,North Alexfort,Delaware,08930,38.934971,-77.495319
Laura Potter,47,9191 White Prairie,North Connie,Illinois,62486,38.040647,60.761594
Brandon Barnes,72,59877 Allison Ville,East Joseph,Massachusetts,41808,-92.621897,-50.047921
Frank Olson,37,661 Moore Prairie Apt. 038,Lake Johnnytown,Hawaii,11878,147.606080,-29.246292
Perry Edwards,61,51115 Makayla Turnpike Apt. 121,West Pedrochester,South Carolina,55672,169.403564,-19.515048
Shelia Key,48,1366 Ronald Mountain,Danielhaven,Illinois,49805,90.659033,62.2182125
Charles Reyes,75,820 Angela Ridge,Nashtown,Virginia,10054,38.386797,45.925526
Jeremy Phillips,79,50319 John Plaza Suite 404,Lake Joshualand,New Mexico,95396,-129.082843,-44.495121
Brandon Thompson,62,087 Graham Summit Suite 570,Port Benjaminchester,West Virginia,66847,-9.297522,31.7035765
David Mclean,78,5220 King Streets,Port Samuelfurt,South Dakota,91507,163.884574,-36.7498475
Dylan Lawrence,39,245 Hamilton Mountain,Whitneyland,Illinois,19704,-139.895459,-56.8536655
Samantha Rubio,71,43557 Johns Ferry,North Nathan,Wisconsin,54094,117.468926,46.7009415
Henry Rogers,57,323 William Trail Apt. 362,South Gary,Pennsylvania,42540,-9.735868,-47.753000
Kenneth Thomas,55,7247 Marshall Crescent,North Sarah,Louisiana,83265,59.742727,55.117007
Timothy Rodriguez,26,695 Brett Parkways,East Kimberly,South Dakota,53939,46.800606,-17.729562
Nicholas Williams,56,2448 Amanda Parkways Apt. 324,Lake Feliciahaven,Ohio,99374,165.779229,42.1312755
Timothy Reid,65,25890 Hampton Rapid Apt. 477,South Patriciamouth,Mississippi,48593,92.032545,66.802701
Richard Sanders,34,2403 Rogers Pines Apt. 495,Port Stefanie,Maine,78360,-130.186957,19.205787
Dennis Ramirez,43,4193 Nathan Squares,Stewartstad,Mississippi,56137,-26.440287,-43.879794
Jeffery Butler,18,3448 Scott Common Apt. 008,Antoniostad,New York,47658,21.020096,55.5445245
John Saunders,38,792 Brian Forges,North Bonnie,Colorado,98196,-99.979571,84.3033715
David Price,45,05328 Mariah Common,Port Nathaniel,Arizona,97773,1.339136,-23.246596
Anita Gross,31,2363 Sanders Spurs,West Jeffery,North Carolina,46184,-157.867919,48.265668
April Brooks,21,4682 Charles Parkways,Lake Raymond,Minnesota,09493,84.862472,-4.628983
Kelsey Robles,39,1941 Brandi Inlet,Lake Gordonview,Illinois,60605,92.818455,-76.583584
Laura Howell,75,17445 Proctor Pass Suite 949,Deborahborough,New Jersey,99634,-30.679131,0.104863
Benjamin Cole PhD,25,04305 Leah Centers,Barrettstad,Minnesota,07153,65.881749,57.8580215
Grant Watts,74,3749 Amy Shoal,Joshuaburgh,California,99476,-83.954228,-23.010407
John Parker,78,7794 Nathan Keys Suite 220,Lisamouth,Pennsylvania,90800,52.596283,-56.6027015
Theresa Harris,18,535 Melissa Junctions,Robertbury,Rhode Island,50764,157.227556,39.9071135
Stephanie Pearson,78,2724 Anna Terrace Apt. 984,Travisfort,Mississippi,06090,142.537618,25.811841
Nicole Gonzalez,74,51846 Jillian Rapids,Lake Valeriechester,New Jersey,74228,134.980542,59.648701
Jennifer Barton,77,9679 Scott Mountains,Bakerstad,Kentucky,33995,96.595017,-29.802556
Kimberly Wright,69,854 Donald Shores Suite 446,Morganborough,West Virginia,49357,6.261882,-62.0869385
Kayla Larson,71,76857 Arnold Forges,Lanceville,New York,55980,-71.332695,-6.960229
Kenneth Buckley,66,068 Bauer Lodge,Austinview,Virginia,25891,97.599103,23.0005055
Kara Chandler,63,999 Blackburn Garden Apt. 908,Leemouth,South Carolina,56849,-162.757437,-84.5957455
Charles Cooper,66,22732 Jones Forge Apt. 248,Floreschester,Delaware,33605,-84.916831,74.0316875
Elizabeth Lopez,56,5096 Jones Summit,Joshuashire,New York,91553,32.667018,-18.332857
Angela Perez,57,946 Prince Expressway,Howardton,North Carolina,93187,35.818815,13.8132155
Zachary Mack,50,8854 Michael Roads Apt. 113,New Kristina,Idaho,19078,-66.078980,-3.494331
Crystal Hudson,32,2453 Johnson Village Apt. 841,West Erica,Virginia,41839,-16.006517,-22.9809645
Lisa Sanchez,50,04591 Kelly Divide Apt. 918,East Jason,Montana,29828,94.600018,26.841373
Albert Cole,26,10725 Adam Point Suite 031,New Joe,Nevada,39126,-102.714333,-4.9650085
Abigail Johnson,71,59810 Rowe Squares Apt. 725,Port Evan,Ohio,48755,-138.215719,-85.6314245
Jason Gomez,55,773 Curry Knolls Apt. 293,Jeremyberg,Maryland,32828,59.519190,68.5500695
Mckenzie Wells,41,707 Kent Inlet Apt. 310,West John,Louisiana,81628,-23.112873,31.215283
Laurie Brock,71,8236 Sandra Knoll Apt. 660,Lake Vickie,North Carolina,18013,171.472645,72.3924595
Jennifer Armstrong,60,906 Ashley Village,East David,Missouri,12947,89.848616,-10.4331525
Joseph Rhodes,39,0666 Elliott Course Apt. 988,Kimmouth,Maryland,60342,-84.685365,-61.9665575
Ann Newman,77,383 Fowler Run Suite 960,Patriciaborough,Massachusetts,53982,-59.499861,83.520611
Alicia Beck,44,8193 Ana Inlet,West Michelle,Arizona,58343,77.368896,74.376056
Dawn Marshall,66,4323 Rachael Fords Apt. 951,Sandraville,Hawaii,34185,-24.497029,83.465831
Heather Clark,60,77067 Williams Road Suite 022,North Adamstad,Utah,26499,103.382086,-36.3135295
Michael Vang,80,69815 Barrett Summit Apt. 254,Dennismouth,Louisiana,44954,145.716366,-50.632038
Hector Anderson,52,63887 Maria Islands,Martinland,Maryland,68252,164.677681,-20.557640
Robert Buckley,54,436 Gentry Knoll Apt. 864,Markborough,Wisconsin,02342,-62.723539,-62.2023255
Natalie Sullivan MD,38,50037 Walsh Mission Suite 754,Juliemouth,North Dakota,11889,169.077624,29.042893
Michelle Murphy,33,474 Adams Viaduct Apt. 155,New Jonathan,Rhode Island,10600,105.722720,-12.651880
Travis Williams,37,70982 Dale Prairie Apt. 208,North Christinatown,Montana,16566,-61.148779,57.569415
Daisy Dickson,54,945 Walker Burg,West Ericbury,Illinois,44216,-18.251870,55.5970575
Shelly Jenkins,49,631 Parker Canyon,Johnfort,South Carolina,61168,75.825573,62.7683595
Travis Melton,46,3890 Ellis Creek,Port Kellyshire,Rhode Island,04725,-51.875910,-57.456455
Jasmine Robinson,25,6190 Eric Rapids,Michaelbury,South Carolina,96750,29.501879,54.5936085
Vicki Price,24,915 Hardy Terrace,New Howardtown,Idaho,53482,4.639829,19.838160
Latasha Ramos,73,6766 Perez Key Apt. 181,Port Amberstad,Virginia,52287,-93.162224,83.275556
Dr. Felicia Callahan,53,909 Antonio Knoll Suite 235,Christinamouth,Missouri,61625,-67.766685,-19.5486185
Jessica Williams,35,560 Scott Cove Suite 371,Dennisport,Florida,57585,5.216429,43.7569045
Terry Harrison,30,679 Young Causeway,Thomasshire,Arizona,48828,26.209914,72.410073
Malik Duran,25,029 Estes Junctions,East Beth,Idaho,25133,-102.288119,87.1874755
Julie Murphy,50,22449 Hayes Groves,Brittanyshire,Kentucky,30454,-81.650195,-32.1586055
Mr. Dustin Dean,57,080 Renee Crescent Suite 987,Gonzalesfurt,Colorado,35013,80.264274,-86.352466
Amanda Jones,77,252 Nicholas Neck Apt. 914,Roseland,Arizona,80286,148.169478,23.7028885
Susan Schneider,27,7925 Wilson Prairie Suite 569,Bethshire,Minnesota,58832,86.774159,69.407855
Mr. Shawn Wilson,64,1685 Kyle Track,Port Carl,Rhode Island,45863,-97.631513,-0.4641495
Christina Gray,49,0289 Christopher Village Apt. 425,Grahamton,California,45414,-50.657874,-33.055571
Clifford Perkins,76,728 Cox Overpass Suite 279,East Dylan,Montana,60371,58.424076,-59.437502
Carl Kirk,24,81351 Bryant Fall,Lake Jessicaburgh,South Dakota,91020,165.725495,53.674421
Anthony Adams,30,8486 Martinez Corner Apt. 280,Port Kayla,Idaho,26287,121.962853,-80.6890615
Karla Richard,64,8672 Dillon Haven,Deanchester,Arizona,95510,38.250187,-24.7154655
Zachary Brown,55,4667 Lisa Lane,New Jorgehaven,Nevada,34855,12.077471,-80.3019415
Rebecca Stevens,45,5558 Acosta Estates Suite 190,Rodriguezhaven,Maryland,34554,156.679314,-87.218591
Brooke Gardner,23,6810 Michael Radial Suite 626,South Janettown,Indiana,62457,-98.367239,9.4872555
Julie Barajas,44,36221 Alicia Lake Apt. 451,Christopherview,Alaska,93531,-85.414627,-59.5578735
Matthew Gonzalez,64,3386 Burnett Plain Suite 193,Brianmouth,Idaho,39525,-55.632810,-13.0955965
Nancy Bell,76,149 Angela Mall Apt. 742,Port Jameston,Oklahoma,69537,87.546671,14.4569325
Michael Ross,23,42710 Angela Walks Suite 308,Port Staceymouth,Delaware,58089,31.543273,-63.8597685
Jacob Mcintosh,64,57004 Nicole Mountain,New Lauraton,New York,23001,46.373107,-70.1569315
Elijah Davis,39,718 Brenda Glen,Dominguezfort,Connecticut,49106,34.257711,37.9487855
Rodney Brown,30,929 Contreras Points,Jennifermouth,New Hampshire,31242,172.230337,72.469184
Joshua Montgomery,76,06120 Brett Haven Apt. 421,South Richardchester,Arkansas,18089,-150.900714,60.926536
Christopher Harris,55,5996 Flores Street Apt. 768,Jasonchester,North Dakota,13105,-135.653269,-4.6551975
Madeline Russell,80,673 Hamilton Square,North Mark,Texas,06747,136.797353,-52.732509
Jonathan Peterson,70,864 Lyons Springs,West Miranda,Vermont,44295,9.241008,-78.1862965
Shawn Irwin,68,374 Williams Islands,Changtown,Minnesota,45891,162.968016,43.111574
Mary Kirk,67,75692 Price Skyway Apt. 090,Jasonmouth,Arkansas,78154,20.202203,-30.491928
Christopher Brown,26,022 Ochoa Bridge,North Debbie,Missouri,07322,170.185221,30.0529905
